# One row per matching LEGA-C DR2 spectrum record; repeated objects are retained.
# The paper split is low_sigma for sigma < 215 km/s and high_sigma for sigma > 215 km/s.
# Missing source values are written as NaN.
mms2013_id	dr2_spect_id	dr2_spectrum_filename	dr2_observations_for_object	dr2_ra_j2000_deg	dr2_dec_j2000_deg	match_separation_arcsec	dr2_z_spec	dr2_sigma_stars_prime_km_s	dr2_sigma_stars_prime_err_km_s	sigma_regime_215_km_s	borghi_age_gyr	borghi_age_err_lower_gyr	borghi_age_err_upper_gyr	borghi_z_over_h_dex	borghi_z_over_h_err_lower_dex	borghi_z_over_h_err_upper_dex	borghi_alpha_over_fe_dex	borghi_alpha_over_fe_err_lower_dex	borghi_alpha_over_fe_err_upper_dex	dr2_f_primary	dr2_f_use	dr2_f_spec	dr2_f_z	dr2_f_ppxf	dr2_f_int	dr2_sn_per_pixel	dr2_sn_rf_4000_per_pixel	dr2_sn_obs_8030_per_pixel	dr2_lick_cn1_mag	dr2_lick_cn1_mag_err	dr2_lick_cn2_mag	dr2_lick_cn2_mag_err	dr2_lick_ca4227_angstrom	dr2_lick_ca4227_angstrom_err	dr2_lick_g4300_angstrom	dr2_lick_g4300_angstrom_err	dr2_lick_fe4383_angstrom	dr2_lick_fe4383_angstrom_err	dr2_lick_ca4455_angstrom	dr2_lick_ca4455_angstrom_err	dr2_lick_fe4531_angstrom	dr2_lick_fe4531_angstrom_err	dr2_lick_c4668_angstrom	dr2_lick_c4668_angstrom_err	dr2_lick_hb_angstrom	dr2_lick_hb_angstrom_err	dr2_lick_hd_a_angstrom	dr2_lick_hd_a_angstrom_err	dr2_lick_hg_a_angstrom	dr2_lick_hg_a_angstrom_err	dr2_lick_hd_f_angstrom	dr2_lick_hd_f_angstrom_err	dr2_lick_hg_f_angstrom	dr2_lick_hg_f_angstrom_err	dr2_lick_d4000_n	dr2_lick_d4000_n_err
133240	M1_133240	legac_M1_133240_v2.0.fits	1	150.161499	2.362485	0.018099	0.728200	130.6	8.7	low_sigma	3.080	0.635	0.643	0.257	0.090	0.121	0.162	0.059	0.065	1	1	0	0	0	0	11.4	12.1	15.9	0.062000	0.022400	0.093800	0.022600	0.551500	0.613900	5.442400	0.653000	6.039500	1.216200	1.151500	0.580100	0.658100	1.116700	7.939000	1.383700	2.036500	0.992700	-0.598100	0.585000	-3.719000	0.679100	0.501100	0.421400	-0.470900	0.537600	1.769800	0.034100
133783	M1_133783	legac_M1_133783_v2.0.fits	1	150.279022	2.368428	0.010763	0.692600	202.8	7.6	low_sigma	1.904	0.081	0.073	0.333	0.030	0.055	0.142	0.028	0.027	1	1	0	0	0	0	29.2	26.9	38.1	0.019000	0.010400	0.086800	0.010400	0.673700	0.192200	4.341400	0.392800	4.556700	0.382300	0.000000	NaN	3.326900	0.431800	7.144100	0.706000	2.448100	0.206200	1.504300	0.297500	-2.157300	0.330500	3.144700	0.204400	0.906700	0.286100	1.766600	0.018700
134169	M1_134169	legac_M1_134169_v2.0.fits	1	150.298889	2.372403	0.010890	0.738600	177.1	7.1	low_sigma	2.793	0.357	0.357	0.161	0.071	0.076	0.242	0.051	0.052	1	1	0	0	0	0	17.9	18.5	24.2	0.047500	0.017100	0.087900	0.017000	0.829700	0.309600	5.335100	0.421200	4.782400	0.829700	0.953800	0.410400	3.590400	0.804000	6.054100	0.849600	2.082600	0.806800	0.561400	0.363300	-3.657900	0.431900	1.676800	0.259000	-0.015200	0.368500	1.699500	0.022600
139772	M1_139772	legac_M1_139772_v2.0.fits	1	150.266861	2.439418	0.007738	0.696600	253.7	8.3	high_sigma	3.047	0.120	0.138	0.120	0.021	0.025	0.227	0.025	0.028	1	1	0	0	0	0	45.3	36.9	63.3	0.056900	0.007500	0.094300	0.007500	0.936800	0.120600	3.825000	0.284600	3.236300	0.265000	0.650200	0.151100	2.377200	0.258900	5.075600	0.498800	1.841900	0.134400	-1.017000	0.226400	-2.611200	0.226400	0.746500	0.158400	-0.401500	0.199700	NaN	NaN
205742	M1_205742	legac_M1_205742_v2.0.fits	1	150.088760	2.460641	0.003535	0.727300	210.5	7.0	low_sigma	3.070	0.268	0.392	-0.009	0.039	0.058	0.036	0.026	0.034	1	1	0	0	0	0	42.8	37.4	56.9	0.017300	0.007000	0.051700	0.007000	1.058900	0.197600	4.059800	0.215500	3.266700	0.397300	0.814100	0.193200	2.254600	0.412800	5.536800	0.611400	1.421900	0.324000	-0.627000	0.187000	-3.136100	0.206900	0.894800	0.134800	-0.243600	0.168300	NaN	NaN
206573	M1_206573	legac_M1_206573_v2.0.fits	1	150.267166	2.469770	0.013892	0.701800	236.9	6.1	high_sigma	3.304	0.192	0.290	-0.016	0.025	0.017	0.280	0.027	0.028	1	1	0	0	0	0	60.6	52.1	83.5	0.037600	0.005200	0.080200	0.005100	0.769900	0.086900	4.136500	0.184200	3.176600	0.195200	1.352800	0.175100	2.805000	0.185800	4.946600	0.337700	2.474900	0.128000	0.127100	0.148100	-2.311200	0.149300	0.951500	0.107600	-0.010100	0.130500	NaN	NaN
207825	M1_207825	legac_M1_207825_v2.0.fits	1	150.294662	2.488704	0.016827	0.696800	228.9	5.6	high_sigma	1.937	0.071	0.119	0.162	0.052	0.015	0.155	0.017	0.016	1	1	0	0	0	0	70.0	67.8	91.5	0.023700	0.004000	0.058100	0.004100	0.756200	0.068200	3.651200	0.150900	3.474600	0.160100	0.557700	0.091500	2.514400	0.160800	5.101900	0.279400	2.109300	0.093500	0.289200	0.117200	-1.543500	0.124300	1.346100	0.083200	0.469500	0.110100	1.692400	0.006500
208622	M1_208622	legac_M1_208622_v2.0.fits	1	150.138931	2.500771	0.005931	0.647900	196.5	11.9	low_sigma	3.677	0.760	0.994	-0.187	0.080	0.075	0.046	0.090	0.088	1	1	0	0	0	0	17.9	16.7	22.6	-0.000200	0.019100	0.034900	0.019100	0.672400	0.318600	4.463100	0.451500	4.866600	0.807800	1.777100	0.482000	2.987100	0.586900	0.430500	1.745100	0.764000	0.645500	0.566300	0.420400	-2.843300	0.430700	1.264000	0.302000	0.441200	0.368900	1.651000	0.027600
210210	M1_210210	legac_M1_210210_v2.0.fits	1	150.148117	2.517844	0.017743	0.654200	259.5	6.5	high_sigma	3.052	0.114	0.155	0.017	0.020	0.014	0.219	0.018	0.018	1	1	0	0	0	0	62.2	60.3	76.2	0.031900	0.005000	0.072700	0.005000	0.935600	0.079500	4.350900	0.122400	3.454600	0.219200	1.083900	0.106500	2.906300	0.165300	4.505000	0.335900	2.028100	0.163000	0.417600	0.119700	-3.306700	0.119100	1.471000	0.085100	-0.021300	0.107100	1.816800	0.007700
94494	M2_94494	legac_M2_94494_v2.0.fits	1	150.384674	2.328623	0.018320	0.740100	203.8	6.0	low_sigma	4.667	0.485	0.568	-0.237	0.037	0.033	0.283	0.041	0.045	1	1	0	0	0	0	30.6	34.4	42.4	0.011900	0.009200	0.044600	0.009200	0.664800	0.179900	4.189600	0.245900	3.491700	0.647900	0.853700	0.252800	2.354000	0.546900	3.645400	0.517000	2.318600	0.551100	0.942100	0.201100	-2.844700	0.248800	1.703000	0.143000	-0.096000	0.238100	1.640400	0.011700
131869	M2_131869	legac_M2_131869_v2.0.fits	1	150.231567	2.346803	0.014192	0.726100	158.6	7.5	low_sigma	2.637	0.431	0.569	-0.129	0.080	0.102	0.037	0.061	0.075	1	1	0	0	0	0	17.0	18.0	23.4	-0.014700	0.015300	0.028800	0.015400	0.731900	0.611400	3.914100	0.522700	3.274800	1.170800	1.222900	0.432500	2.168100	1.036600	5.144200	1.090400	1.548200	0.810500	0.948400	0.405100	-1.793800	0.528800	2.310400	0.279300	0.589300	0.450100	1.621300	0.023000
133501	M2_133501	legac_M2_133501_v2.0.fits	1	150.202911	2.363061	0.006021	0.729200	211.5	7.0	low_sigma	1.627	0.117	0.137	-0.156	0.150	0.107	-0.195	0.038	0.033	1	1	0	0	0	0	57.7	57.8	72.7	-0.091200	0.004700	-0.012600	0.004500	0.633800	0.115100	2.049200	0.153600	3.765500	0.289900	0.997900	0.135100	2.190300	0.348600	2.580300	0.363200	2.826400	0.214600	5.297100	0.117700	1.819800	0.133400	4.833600	0.088200	3.277000	0.112700	1.570700	0.006500
139662	M2_139662	legac_M2_139662_v2.0.fits	1	150.232315	2.440464	0.022906	0.670600	206.0	23.6	low_sigma	2.494	0.316	0.398	0.371	0.064	0.068	0.246	0.042	0.041	1	1	0	0	0	0	17.3	16.7	23.6	0.101800	0.020100	0.102700	0.020700	0.686300	0.281400	4.963800	0.410000	5.646200	0.755300	1.111300	0.320400	2.663700	0.723100	7.654000	1.381600	2.444800	0.359200	0.269500	0.536100	-3.526200	0.549600	2.684500	0.361300	-0.744000	0.504200	1.739700	0.032800
208364	M2_208364	legac_M2_208364_v2.0.fits	1	150.188629	2.497706	0.014945	0.667800	161.3	6.8	low_sigma	2.951	0.367	0.439	-0.061	0.050	0.084	0.195	0.056	0.057	1	1	0	0	0	0	25.1	21.7	31.6	0.024500	0.015500	0.075200	0.015500	0.776000	0.215100	4.224400	0.344800	3.745000	0.744500	1.174600	0.246000	1.636300	0.609400	4.825000	1.139700	1.840800	0.329700	0.521000	0.431700	-2.259600	0.545300	1.766100	0.295300	0.772200	0.600000	NaN	NaN
210940	M2_210940	legac_M2_210940_v2.0.fits	1	150.172913	2.528097	0.014515	0.694900	158.1	11.9	low_sigma	3.406	1.021	1.367	-0.050	0.111	0.188	0.160	0.107	0.119	1	1	0	0	0	0	13.7	9.2	18.6	0.028100	0.055200	0.083000	0.049000	1.528500	0.429700	3.446700	1.532700	4.339300	1.121300	0.430600	0.628500	1.262200	1.373400	4.774000	2.585500	1.122300	0.778400	-0.528200	1.675500	-2.527200	1.470800	1.144900	1.307100	-0.060700	1.322600	NaN	NaN
107362	M3_107362	legac_M3_107362_v2.0.fits	1	150.125473	2.038339	0.011573	0.676700	239.3	11.9	high_sigma	4.823	0.928	0.750	-0.102	0.051	0.067	0.235	0.064	0.058	1	1	0	0	0	0	23.7	21.3	32.6	0.046300	0.014700	0.063500	0.015100	1.007200	0.220300	4.136800	0.368200	3.714800	0.831900	1.068500	0.267500	1.233700	0.646700	3.206500	1.459900	1.724700	0.259300	-0.408600	0.416400	-2.930600	0.675200	0.775700	0.327600	-0.052700	0.758600	NaN	NaN
108361	M3_108361	legac_M3_108361_v2.0.fits	1	150.287094	2.053356	0.020827	0.621700	144.6	6.6	low_sigma	4.210	0.389	0.509	0.096	0.046	0.046	0.291	0.042	0.043	1	1	0	0	0	0	25.9	19.6	31.2	0.073900	0.013700	0.115300	0.013800	1.025400	0.316600	4.393500	0.427100	3.970600	0.445800	0.913000	0.436700	2.015400	0.746100	6.451600	0.917200	1.876200	0.467200	-0.546600	0.392500	-3.748600	0.347100	0.980000	0.275700	-0.917200	0.317900	NaN	NaN
109352	M3_109352	legac_M3_109352_v2.0.fits	1	150.108917	2.063952	0.012211	0.724400	248.4	13.4	high_sigma	3.931	0.624	0.535	-0.164	0.048	0.050	0.080	0.061	0.060	1	1	0	0	0	0	23.9	21.0	32.7	0.007700	0.013500	0.038700	0.013500	1.188400	0.312100	2.961600	0.455100	2.517500	0.786300	0.452200	0.308800	2.455600	0.711800	4.474600	0.849100	1.068400	0.652100	-0.031800	0.341800	-2.329100	0.377800	0.677400	0.246100	-0.383600	0.346500	NaN	NaN
109713	M3_109713	legac_M3_109713_v2.0.fits	1	150.142517	2.069357	0.015254	0.727500	181.9	7.8	low_sigma	4.216	0.496	0.465	-0.176	0.039	0.038	0.111	0.050	0.053	1	1	0	0	0	0	24.2	24.6	32.7	-0.005300	0.010900	0.037000	0.010900	1.070000	0.284700	3.703300	0.359100	3.475900	0.740900	0.915600	0.336600	1.486000	0.690200	5.483600	0.755500	2.175200	0.450800	0.669700	0.280200	-1.613000	0.342500	1.778400	0.204000	0.720300	0.270400	1.630500	0.015000
119474	M3_119474	legac_M3_119474_v2.0.fits	1	150.092392	2.193618	0.009946	0.680900	265.6	11.2	high_sigma	4.054	0.149	0.327	0.105	0.033	0.025	0.225	0.025	0.028	1	1	0	0	0	0	35.4	28.7	46.1	0.066700	0.011100	0.103000	0.011300	0.915900	0.159800	4.256700	0.356400	4.967800	0.546000	1.234300	0.185200	2.796100	0.470400	4.220700	0.836000	1.174500	0.188300	-0.728800	0.333000	-3.642000	0.364500	0.603600	0.240800	-0.643700	0.310700	NaN	NaN
119700	M3_119700	legac_M3_119700_v2.0.fits	1	150.258377	2.198956	0.017797	0.666900	238.2	12.4	high_sigma	2.116	0.205	0.301	0.225	0.061	0.061	0.057	0.049	0.047	1	1	0	0	0	0	22.2	16.5	30.0	0.033600	0.019100	0.081700	0.018500	1.045100	0.277900	4.470700	0.428000	5.488100	1.304600	0.966500	0.285800	2.276500	0.647400	4.717400	1.565300	1.402000	0.302500	-0.442300	0.527000	-2.946900	0.500800	1.462600	0.371800	0.488400	0.529300	NaN	NaN
119802	M3_119802	legac_M3_119802_v2.0.fits	1	150.103607	2.197922	0.012429	0.682000	202.0	12.2	low_sigma	3.231	0.404	0.496	-0.091	0.045	0.055	0.118	0.058	0.055	1	1	0	0	0	0	25.4	22.4	33.1	0.030800	0.013900	0.061600	0.013700	1.057500	0.197000	3.539200	0.467600	3.152700	0.713500	0.963700	0.274300	2.057300	0.654700	1.932400	1.291700	1.283700	0.254600	0.510800	0.390600	-2.928500	0.536600	1.528900	0.293700	-0.120300	0.488800	NaN	NaN
120308	M3_120308	legac_M3_120308_v2.0.fits	1	150.095627	2.203699	0.011840	0.727900	222.7	9.0	high_sigma	3.272	0.410	0.479	-0.057	0.042	0.055	0.256	0.047	0.047	1	1	0	0	0	0	29.0	25.7	39.6	0.019800	0.010500	0.065100	0.010500	0.734700	0.297200	4.424200	0.314100	4.094600	0.561900	0.794000	0.281800	1.826400	0.516800	4.779700	0.635900	2.578500	0.400700	0.704200	0.270300	-2.908300	0.306300	1.442300	0.197300	0.135500	0.237200	NaN	NaN
80755	M4_80755	legac_M4_80755_v2.0.fits	1	150.370377	2.119776	0.018895	0.732500	215.2	12.2	high_sigma	2.136	0.204	0.267	0.189	0.040	0.053	0.192	0.042	0.040	1	1	0	0	0	0	19.0	19.2	27.1	0.051500	0.014000	0.093100	0.014000	0.826800	0.347500	3.240000	0.438900	4.387000	0.807800	0.236600	0.515400	1.474500	0.770300	3.920300	1.088200	0.000000	NaN	0.391200	0.356800	-2.011300	0.403300	1.668100	0.253500	0.623600	0.370100	1.567200	0.024000
107643	M4_107643	legac_M4_107643_v2.0.fits	1	150.185501	2.044087	0.011727	0.734300	248.2	13.1	high_sigma	3.393	0.774	0.892	0.103	0.073	0.092	0.119	0.078	0.097	1	1	0	0	0	0	21.0	19.0	28.0	0.051800	0.015900	0.091000	0.016000	0.453000	0.434300	4.870100	0.442900	5.762300	0.783900	1.999100	0.447100	2.338100	0.771100	5.022800	0.807200	1.875400	1.454500	-0.603100	0.363700	-3.430800	0.423000	1.155100	0.253900	-0.145500	0.404200	NaN	NaN
108989	M4_108989	legac_M4_108989_v2.0.fits	1	150.218445	2.057750	0.017356	0.827800	310.3	12.1	high_sigma	4.028	0.563	0.642	0.067	0.071	0.066	0.060	0.045	0.047	1	1	0	0	0	0	21.3	27.0	35.9	0.127500	0.016600	0.164600	0.016800	0.988300	0.221700	4.643300	0.435900	4.403900	0.559500	0.798900	0.192800	3.474800	0.603100	7.828900	0.658600	NaN	NaN	-1.566700	0.309000	-3.668100	0.486200	0.858400	0.192400	-0.930200	0.352400	1.781200	0.015500
116829	M4_116829	legac_M4_116829_v2.0.fits	1	150.199844	2.162263	0.018876	0.668300	145.8	7.6	low_sigma	2.334	0.253	0.312	0.255	0.061	0.056	-0.063	0.039	0.042	1	1	0	0	0	0	20.6	17.5	27.5	0.051900	0.018800	0.098400	0.018800	0.744200	0.263600	3.578300	0.421600	5.348700	0.886300	1.010900	0.299000	3.525900	0.663500	5.635200	1.441700	1.140900	0.320500	-0.678200	0.508100	-4.065400	0.528500	0.449900	0.365400	-0.872900	0.497200	NaN	NaN
117400	M4_117400	legac_M4_117400_v2.0.fits	1	150.242172	2.168501	0.008690	0.668700	245.6	7.6	high_sigma	3.690	0.461	0.311	0.204	0.040	0.052	0.245	0.043	0.026	1	1	0	0	0	0	36.1	36.6	48.3	0.070800	0.009100	0.106900	0.009200	0.968800	0.132000	4.992600	0.209800	3.868300	0.490300	1.129100	0.156100	3.293700	0.396800	5.677000	0.746900	1.619700	0.178300	-0.797500	0.238300	-4.035300	0.278600	0.718900	0.168300	-0.705700	0.263700	1.864300	0.013900
118552	M4_118552	legac_M4_118552_v2.0.fits	1	150.368347	2.183035	0.020361	0.622500	231.8	8.8	high_sigma	2.159	0.120	0.112	0.464	0.032	0.035	0.241	0.023	0.023	1	1	0	0	0	0	34.9	25.0	44.9	0.076800	0.010700	0.112100	0.011000	0.804300	0.235600	4.319600	0.318700	3.581300	0.352200	1.374000	0.379400	2.779300	0.431600	8.602300	0.728600	1.782500	0.290900	-0.929900	0.318100	-3.651400	0.258000	0.604900	0.221100	-0.713500	0.233300	NaN	NaN
123161	M4_123161	legac_M4_123161_v2.0.fits	1	150.206177	2.240010	0.011663	0.799500	195.7	9.2	low_sigma	1.580	0.125	0.072	0.235	0.018	0.053	0.028	0.036	0.033	1	1	0	0	0	0	21.0	23.4	31.6	-0.000800	0.012300	0.045800	0.012800	1.566400	0.589900	2.680400	0.575600	2.694000	0.921900	1.038800	0.347200	2.206200	0.370200	5.160800	1.650500	2.400000	0.515000	1.033700	0.399100	-1.313400	0.501200	1.898900	0.261700	0.915300	0.472100	1.715400	0.018400
125149	M4_125149	legac_M4_125149_v2.0.fits	1	150.359360	2.265852	0.007169	0.665100	204.3	8.3	low_sigma	3.917	0.518	0.552	-0.128	0.041	0.043	0.316	0.051	0.052	1	1	0	0	0	0	30.5	26.4	42.2	0.039100	0.012000	0.074100	0.011600	0.763700	0.173600	4.047500	0.271600	3.193900	0.566400	1.002100	0.195300	0.890000	0.394400	3.849300	0.838700	1.863200	0.209100	-0.184000	0.312200	-2.217700	0.308400	0.833100	0.235500	0.040200	0.310500	NaN	NaN
128311	M5_128311	legac_M5_128311_v2.0.fits	1	150.056686	2.301382	0.014927	0.730300	276.2	10.5	high_sigma	3.184	0.279	0.334	0.201	0.038	0.041	0.118	0.026	0.030	1	1	0	0	0	0	26.0	30.2	39.6	0.045500	0.008800	0.084900	0.008800	1.154500	0.196900	4.352600	0.272400	4.195200	0.531700	0.860400	0.248400	2.193800	0.457400	6.826500	0.625600	NaN	NaN	-0.565200	0.229400	-4.303000	0.269100	0.853900	0.163900	-0.723900	0.235400	1.779300	0.013800
135659	M5_135659	legac_M5_135659_v2.0.fits	1	149.997833	2.389796	0.018500	0.842200	252.8	11.2	high_sigma	1.724	0.112	0.073	0.505	0.035	0.081	0.157	0.028	0.029	1	1	0	0	0	0	22.8	24.6	32.9	0.021200	0.011800	0.056700	0.011900	1.369600	0.261000	4.434500	0.434700	4.354800	0.380000	1.114200	0.185700	1.458200	0.741600	8.303900	0.860600	0.000000	NaN	0.197800	0.291600	-3.013100	0.391400	1.341100	0.214400	-0.524000	0.360700	1.679000	0.016800
165871	M5_165871	legac_M5_165871_v2.0.fits	1	149.854034	2.282955	0.023841	0.703100	184.8	7.6	low_sigma	1.729	0.144	0.093	0.237	0.033	0.080	0.111	0.038	0.039	1	1	0	0	0	0	25.0	23.7	33.7	0.006100	0.011400	0.050900	0.011200	0.618500	0.205000	4.519600	0.509300	3.625000	0.497800	1.511000	0.420800	3.282800	0.514800	6.747600	0.871000	3.612300	0.410700	0.591700	0.317900	-1.801500	0.408800	1.878900	0.231800	0.546100	0.358400	NaN	NaN
171079	M5_171079	legac_M5_171079_v2.0.fits	1	149.893417	2.344078	0.011784	0.753600	191.0	10.2	low_sigma	3.570	0.646	0.915	-0.122	0.072	0.067	0.085	0.082	0.081	1	1	0	0	0	0	13.9	15.8	19.5	0.005500	0.022500	0.045400	0.022500	0.470500	0.307000	3.975800	0.540900	4.347600	0.982900	1.022500	0.501400	2.490900	0.895100	4.754200	0.999200	1.442700	0.516500	0.105100	0.452900	-2.655200	0.754200	1.222900	0.330200	-0.684800	0.833700	1.715400	0.026200
174876	M5_174876	legac_M5_174876_v2.0.fits	1	149.894806	2.386428	0.016203	0.722500	274.6	8.8	high_sigma	3.116	0.192	0.211	0.083	0.026	0.032	0.044	0.021	0.023	1	1	0	0	0	0	33.1	35.1	46.0	0.035000	0.007800	0.070800	0.007800	0.683600	0.213600	4.200500	0.260500	4.195500	0.434600	1.516200	0.164900	2.352900	0.483100	5.220900	0.552700	1.809900	0.321100	-0.637700	0.203700	-3.591600	0.226800	0.702200	0.146500	-0.490400	0.211900	1.761300	0.011300
205715	M5_205715	legac_M5_205715_v2.0.fits	1	150.012100	2.459093	0.011166	0.746500	200.6	7.0	low_sigma	3.042	0.133	0.143	0.153	0.023	0.026	0.187	0.031	0.028	1	1	0	0	0	0	33.2	34.1	48.7	0.059800	0.011500	0.106000	0.011400	0.869200	0.155600	4.096600	0.242600	3.625400	0.426400	0.953800	0.245900	2.429500	0.381700	5.537400	0.438700	1.932600	0.247500	-0.567000	0.213600	-2.740100	0.455700	1.213600	0.146400	-0.545600	0.345100	1.688800	0.012800
211347	M5_211347	legac_M5_211347_v2.0.fits	1	150.029999	2.533105	0.018166	0.697200	184.3	7.1	low_sigma	3.102	0.322	0.342	-0.100	0.037	0.044	0.061	0.046	0.049	1	1	0	0	0	0	29.2	29.0	41.1	0.013500	0.009600	0.050900	0.009900	0.791700	0.167000	4.032400	0.412400	3.203000	0.418000	1.111200	0.207900	2.211900	0.475500	4.283500	0.758400	2.577700	0.213400	-0.010000	0.289100	-2.105300	0.333600	1.329100	0.206100	-0.063800	0.289700	1.643200	0.014800
211767	M5_211767	legac_M5_211767_v2.0.fits	1	150.059875	2.536365	0.024148	0.667400	239.4	9.0	high_sigma	2.909	0.290	0.249	0.126	0.040	0.053	0.041	0.024	0.024	1	1	0	0	0	0	28.5	29.5	38.6	0.044500	0.010700	0.082400	0.010500	0.939500	0.162900	3.692600	0.268200	3.686400	0.673400	0.949600	0.186100	2.365500	0.443000	5.072300	0.780900	1.661200	0.222500	-0.692800	0.283700	-3.483400	0.447000	0.906000	0.201900	-0.711600	0.507700	1.749600	0.015700
236682	M5_236682	legac_M5_236682_v2.0.fits	1	149.871796	2.479084	0.021289	0.734200	227.6	7.6	high_sigma	3.256	0.199	0.254	0.097	0.028	0.025	0.179	0.030	0.032	1	1	0	0	0	0	31.6	32.9	46.0	0.046100	0.009300	0.085900	0.009400	0.662500	0.247700	4.266000	0.268200	3.557300	0.530800	1.420900	0.262500	2.695800	0.558300	5.990300	0.553500	1.165300	0.558000	-0.321200	0.210700	-3.354500	0.244100	1.130200	0.147300	-0.738100	0.234300	1.705400	0.012200
238668	M5_238668	legac_M5_238668_v2.0.fits	1	149.889847	2.505617	0.016018	0.732300	163.1	6.6	low_sigma	2.495	0.336	0.383	-0.181	0.062	0.078	0.117	0.048	0.063	1	1	0	0	0	0	22.4	25.9	29.6	-0.017600	0.010000	0.025100	0.010100	0.716400	0.260400	3.931700	0.339200	2.554300	0.700100	0.391000	0.393600	2.512100	0.657300	4.758100	0.751800	2.512000	0.460900	1.262400	0.258800	-1.247200	0.318600	1.920800	0.185800	1.055000	0.286900	1.599100	0.013600
239469	M5_239469	legac_M5_239469_v2.0.fits	1	149.887482	2.513143	0.012589	0.735700	295.0	9.9	high_sigma	2.621	0.264	0.264	0.422	0.032	0.038	0.286	0.022	0.022	1	1	0	0	0	0	26.2	28.6	37.4	0.078500	0.011400	0.118100	0.011400	0.821200	0.251700	5.040300	0.290700	4.191100	0.578700	1.379000	0.280800	2.872600	0.475500	7.634200	0.572900	2.746800	0.497900	-0.375300	0.238200	-4.586700	0.295700	1.145200	0.168700	-0.823300	0.279200	1.838800	0.015400
240174	M5_240174	legac_M5_240174_v2.0.fits	1	149.889832	2.521838	0.009234	0.731900	192.6	9.2	low_sigma	3.203	0.430	0.470	0.141	0.053	0.065	0.066	0.038	0.046	1	1	0	0	0	0	17.4	20.1	26.0	0.049600	0.013100	0.090100	0.013300	0.671900	0.347400	4.328200	0.428400	4.329800	0.907400	0.567900	0.528200	3.347600	0.721300	5.457400	0.912700	2.634800	0.639800	-0.906700	0.352200	-3.613200	0.414700	0.819300	0.248200	-0.929400	0.370100	1.711000	0.020000
133205	M6_133205	legac_M6_133205_v2.0.fits	1	149.924728	2.361207	0.012222	0.732100	214.9	10.5	low_sigma	2.922	0.222	0.120	0.421	0.025	0.065	0.135	0.027	0.027	1	1	0	0	0	0	23.9	23.4	33.2	0.070200	0.011400	0.121000	0.011400	1.405800	0.333900	4.781500	0.364100	6.080600	0.695200	1.604300	0.376400	3.176700	0.711100	6.769800	0.962200	0.000000	NaN	-0.528400	0.301600	-4.306900	0.363400	2.380700	0.200400	-0.164800	0.327500	1.889800	0.021700
139384	M6_139384	legac_M6_139384_v2.0.fits	1	149.972427	2.438175	0.020219	0.730000	210.3	7.6	low_sigma	2.428	0.251	0.167	0.155	0.041	0.042	0.120	0.028	0.031	1	1	0	0	0	0	23.4	29.8	36.5	0.008300	0.008900	0.058500	0.008900	0.933200	0.255800	5.123200	0.303300	4.869200	0.663900	1.487700	0.313000	3.856900	0.756500	6.795100	0.982500	NaN	NaN	0.888400	0.226400	-3.771700	0.397500	1.941100	0.160500	-0.120900	0.403100	1.717200	0.013900
168753	M6_168753	legac_M6_168753_v2.0.fits	1	149.768845	2.315666	0.022041	0.676700	189.5	10.5	low_sigma	3.339	0.468	0.587	-0.186	0.056	0.058	0.119	0.074	0.071	1	1	0	0	0	0	22.6	19.9	29.0	0.002800	0.016700	0.048500	0.016400	0.572100	0.243500	2.908800	0.410800	3.305500	0.709200	0.720100	0.311800	2.236300	0.769400	3.777100	1.176100	1.562400	0.295900	1.113600	0.470900	-2.118100	0.504700	1.835100	0.386300	-0.211000	0.470400	NaN	NaN
169076	M6_169076	legac_M6_169076_v2.0.fits	1	149.780396	2.318275	0.024122	0.677100	270.7	8.3	high_sigma	5.720	0.412	0.261	-0.036	0.016	0.024	0.169	0.025	0.024	1	1	0	0	0	0	49.1	45.1	65.5	0.054100	0.007100	0.080100	0.007300	0.880900	0.101900	4.290500	0.178200	4.452300	0.789000	0.788500	0.133900	2.919900	0.311900	4.271300	0.873100	1.774500	0.127200	-0.426800	0.200700	-4.860900	0.452400	0.794200	0.153900	-1.255000	0.367000	NaN	NaN
204775	M6_204775	legac_M6_204775_v2.0.fits	1	149.991165	2.450921	0.017816	0.731400	163.1	10.0	low_sigma	2.104	0.341	0.464	-0.057	0.111	0.162	0.091	0.076	0.076	1	1	0	0	0	0	12.2	16.8	19.2	-0.003200	0.015500	0.033300	0.015600	0.767200	0.418700	3.426800	0.539000	2.587700	1.048000	0.864900	0.535600	1.250600	0.965500	5.586100	1.228900	NaN	NaN	0.673900	0.403700	-0.810800	0.500100	1.300000	0.290500	1.002800	0.454900	1.596000	0.020800
207397	M6_207397	legac_M6_207397_v2.0.fits	1	149.951233	2.483064	0.017617	0.738500	248.9	9.7	high_sigma	4.967	0.559	0.623	-0.040	0.039	0.044	0.076	0.038	0.040	1	1	0	0	0	0	27.5	29.1	40.4	0.025500	0.011500	0.061800	0.011500	0.977200	0.220900	4.365400	0.285200	4.146100	0.562500	0.619300	0.314400	1.921000	0.508000	5.683200	0.535600	0.975000	0.462900	-0.717900	0.237000	-4.567200	0.290100	0.622800	0.170200	-1.105100	0.253000	1.711300	0.014400
207735	M6_207735	legac_M6_207735_v2.0.fits	1	149.945236	2.485671	0.014153	0.734500	286.2	9.3	high_sigma	5.222	0.167	0.129	0.111	0.012	0.013	0.199	0.026	0.022	1	1	0	0	0	0	38.6	39.6	56.6	0.072800	0.008000	0.112200	0.008000	0.724100	0.191000	4.079800	0.216500	3.789900	0.415500	0.735000	0.240800	2.674300	0.347300	5.307300	0.398900	1.511100	0.265300	-1.060700	0.176700	-4.538400	0.205200	0.589200	0.124600	-1.263900	0.200000	1.815000	0.011400
209040	M6_209040	legac_M6_209040_v2.0.fits	1	149.909851	2.504587	0.011691	0.730800	239.0	10.0	high_sigma	4.757	0.739	0.487	0.105	0.036	0.062	0.199	0.034	0.039	1	1	0	0	0	0	28.7	25.7	41.0	0.064900	0.010000	0.106700	0.010100	1.009200	0.253900	4.559800	0.302500	3.693100	0.636000	0.976600	0.271900	2.368000	0.656400	5.182800	0.931200	1.136300	0.839800	-1.443700	0.274600	-4.033900	0.304300	0.889500	0.189600	-0.996900	0.272300	1.911700	0.021200
209322	M6_209322	legac_M6_209322_v2.0.fits	1	149.920029	2.509239	0.006031	0.738500	199.3	10.7	low_sigma	3.851	0.600	0.753	0.035	0.067	0.058	0.108	0.062	0.065	1	1	0	0	0	0	20.3	19.5	30.6	0.040800	0.016900	0.083800	0.016800	1.183500	0.318900	3.985200	0.414200	4.158800	0.843300	1.067000	0.554600	3.623300	0.716000	4.924800	0.765100	0.000000	NaN	-0.303000	0.354500	-3.612800	0.419300	0.769200	0.255400	-0.739600	0.361400	1.734800	0.023700
209821	M6_209821	legac_M6_209821_v2.0.fits	1	149.913223	2.512189	0.012385	0.725000	255.1	7.1	high_sigma	3.141	0.079	0.156	0.101	0.026	0.016	0.056	0.016	0.018	1	1	0	0	0	0	47.2	43.7	65.8	0.044000	0.006000	0.087200	0.006100	0.719500	0.205900	4.182200	0.193200	4.293700	0.321300	1.285900	0.155600	2.238100	0.382800	4.277500	0.389500	0.000000	NaN	-0.598300	0.164500	-3.703000	0.179000	0.924300	0.116600	-0.474200	0.156500	1.678900	0.009800
211401	M6_211401	legac_M6_211401_v2.0.fits	1	149.929733	2.532741	0.012397	0.728000	240.1	6.6	high_sigma	3.770	0.249	0.158	-0.095	0.015	0.020	0.174	0.021	0.020	1	1	0	0	0	0	61.2	61.0	84.0	0.017900	0.004400	0.053600	0.004400	0.821600	0.123000	4.136400	0.133800	3.603500	0.254800	1.203400	0.121900	2.170800	0.244600	4.625600	0.310700	1.381800	0.342100	0.253000	0.113700	-2.928900	0.132800	1.329400	0.081500	-0.215300	0.103800	1.638400	0.006400
211736	M6_211736	legac_M6_211736_v2.0.fits	1	149.944824	2.536306	0.021157	0.729300	219.6	9.2	high_sigma	3.902	0.545	0.650	-0.038	0.053	0.049	0.099	0.046	0.050	1	1	0	0	0	0	26.0	26.9	38.2	0.027600	0.009800	0.070300	0.009800	0.758100	0.267200	3.897400	0.304300	2.901200	0.648600	0.545500	0.290100	2.236000	0.589300	3.548200	0.975500	2.008200	0.527300	-0.670700	0.261100	-3.096900	0.304700	0.735900	0.186100	-0.626600	0.262800	1.690400	0.015500
237437	M6_237437	legac_M6_237437_v2.0.fits	1	149.792206	2.489063	0.018590	0.733700	213.9	9.0	low_sigma	5.394	0.693	0.693	-0.064	0.040	0.047	0.207	0.045	0.044	1	1	0	0	0	0	25.0	26.4	36.9	0.044700	0.011200	0.072400	0.011300	0.778000	0.259800	4.805600	0.317600	3.026300	0.621700	1.491300	0.316100	2.743700	0.525800	5.119700	0.613000	1.582200	0.623800	-0.868200	0.267700	-4.044700	0.306900	0.643500	0.188500	-0.790400	0.293200	1.755300	0.016100
109259	M7_109259	legac_M7_109259_v2.0.fits	1	149.998657	2.063451	0.010672	0.895500	239.4	8.7	high_sigma	3.640	0.426	0.606	-0.158	0.054	0.044	0.338	0.052	0.059	1	1	0	0	0	0	19.8	24.0	27.8	0.028000	0.016400	0.071500	0.017400	0.840300	0.259700	4.461200	0.285500	3.140300	0.621300	0.000000	NaN	2.368200	0.415700	0.000000	NaN	NaN	NaN	0.047800	0.412900	-2.048300	0.262400	1.459200	0.273400	0.645800	0.232300	1.624000	0.018200
122025	M7_122025	legac_M7_122025_v2.0.fits	1	150.060333	2.225976	0.018580	0.747700	155.2	7.8	low_sigma	1.754	0.157	0.173	0.143	0.087	0.088	0.059	0.056	0.054	1	1	0	0	0	0	14.0	19.2	23.8	-0.016200	0.019500	0.025800	0.019400	0.600600	0.312200	4.252000	0.499400	3.594500	0.928100	1.687900	0.437100	2.160200	0.800500	7.081500	0.872900	NaN	NaN	0.940500	0.360600	-0.804000	0.579200	1.849800	0.252100	0.266700	0.595400	1.719300	0.021800
124233	M7_124233	legac_M7_124233_v2.0.fits	2	149.993469	2.254358	0.007525	0.659800	215.4	10.7	high_sigma	2.879	0.511	0.447	0.248	0.074	0.083	0.215	0.055	0.067	1	1	0	0	0	0	21.0	13.2	28.4	0.064000	0.023300	0.129300	0.022600	0.790400	0.324700	4.510000	0.478200	3.761800	1.071300	1.026100	0.347000	2.353600	0.583400	7.085700	1.112900	1.040000	0.381500	-1.067300	0.615500	-3.531200	0.483300	0.785800	0.403400	-0.379100	0.422900	NaN	NaN
124233	M8_124233	legac_M8_124233_v2.0.fits	2	149.993469	2.254358	0.007525	0.659800	205.5	10.2	low_sigma	2.879	0.511	0.447	0.248	0.074	0.083	0.215	0.055	0.067	1	1	0	0	0	0	16.7	17.7	24.8	0.097600	0.019200	0.133500	0.018900	1.157200	0.256400	4.140000	0.427100	3.282900	0.955800	0.633100	0.328900	2.024400	0.627900	6.009800	1.058800	1.530100	0.382400	-1.604500	0.460300	-2.390500	0.432000	1.089100	0.291300	-0.470800	0.376300	1.870200	0.028200
147270	M7_147270	legac_M7_147270_v2.0.fits	1	149.875015	2.062635	0.024655	0.847300	230.4	9.0	high_sigma	2.390	0.185	0.365	0.038	0.101	0.044	0.146	0.043	0.044	1	1	0	0	0	0	20.8	26.6	32.5	-0.012600	0.012200	0.038100	0.011100	0.654800	0.251500	4.464200	0.487600	3.722300	0.391100	1.891300	0.190600	2.438500	1.427900	7.137800	0.923000	NaN	NaN	1.788800	0.353400	-2.895500	0.393900	1.114500	0.217600	0.086300	0.338500	1.580700	0.013600
107960	M8_107960	legac_M8_107960_v2.0.fits	1	149.921463	2.047292	0.013001	0.667292	248.0	7.8	high_sigma	3.081	0.167	0.219	0.149	0.029	0.032	0.209	0.035	0.036	1	1	0	0	0	0	34.9	26.7	44.2	0.063100	0.011300	0.097300	0.011100	0.873400	0.163800	4.269200	0.260600	3.408100	0.475100	1.135500	0.169800	2.377700	0.433700	4.770800	0.705300	2.122600	0.191300	-1.141300	0.314000	-2.823800	0.270000	0.070400	0.226100	-0.556100	0.275200	NaN	NaN
111975	M8_111975	legac_M8_111975_v2.0.fits	1	149.942047	2.098557	0.014980	0.682841	278.2	8.5	high_sigma	3.986	0.331	0.281	0.099	0.029	0.041	0.287	0.026	0.022	1	1	0	0	0	0	41.7	39.1	58.4	0.054300	0.007500	0.084800	0.007600	0.937800	0.113600	5.280900	0.232500	3.763600	0.305000	1.230900	0.140500	4.049500	0.417100	5.209200	0.564200	1.676300	0.139700	0.122700	0.216700	-4.054000	0.301700	1.009800	0.161900	-0.636700	0.198600	1.801800	0.012800
112827	M8_112827	legac_M8_112827_v2.0.fits	1	149.955536	2.110103	0.018087	0.683926	252.1	6.3	high_sigma	2.644	0.194	0.141	-0.064	0.028	0.057	0.234	0.025	0.027	1	1	0	0	0	0	52.0	51.8	65.6	0.003100	0.005500	0.042200	0.005400	0.725600	0.088300	4.531000	0.177200	3.246500	0.245000	1.161500	0.116400	3.541100	0.309100	4.917400	0.526200	2.302900	0.122300	1.412600	0.155700	-2.199200	0.186500	1.725600	0.118300	0.438400	0.154100	1.672500	0.008600
117992	M8_117992	legac_M8_117992_v2.0.fits	1	149.941986	2.173145	0.022700	0.687576	217.5	7.3	high_sigma	6.094	0.688	0.665	-0.050	0.026	0.036	0.389	0.036	0.036	1	1	0	0	0	0	35.1	31.8	52.5	0.049700	0.008800	0.093100	0.008600	0.991800	0.161800	5.194700	0.404500	3.554200	0.338800	0.966400	0.164400	1.664300	0.405100	5.197500	0.731200	1.141100	0.154400	-0.274100	0.275900	-4.445600	0.405000	0.934500	0.200300	-1.149600	0.439800	1.788400	0.016700
120781	M8_120781	legac_M8_120781_v2.0.fits	1	149.983307	2.211284	0.018027	0.627935	167.7	6.6	low_sigma	1.776	0.092	0.167	0.416	0.109	0.071	0.078	0.033	0.035	1	1	0	0	0	0	22.7	22.0	29.9	0.025700	0.012100	0.082800	0.012100	1.386600	0.250700	4.485800	0.368800	3.566400	0.463000	1.046600	0.352400	3.754600	0.485500	6.670400	1.020700	2.535400	0.478000	-0.301500	0.338000	-2.708200	0.317800	1.284600	0.239500	0.065800	0.286800	1.821100	0.030700
123261	M8_123261	legac_M8_123261_v2.0.fits	1	149.959991	2.239612	0.009203	0.676602	230.0	7.1	high_sigma	4.616	0.274	0.288	0.117	0.028	0.029	0.244	0.035	0.037	1	1	0	0	0	0	38.3	37.0	56.4	0.058100	0.008100	0.108300	0.008100	0.870300	0.120600	4.186600	0.201400	3.600700	0.338000	1.097800	0.146700	4.301100	0.374500	6.354200	0.617200	1.833900	0.146900	-0.260900	0.230300	-3.556000	0.234600	1.295000	0.176500	-0.873400	0.221100	1.797000	0.014000
125017	M8_125017	legac_M8_125017_v2.0.fits	1	149.990982	2.263661	0.008085	0.657445	196.9	16.0	low_sigma	3.245	0.751	0.850	-0.189	0.083	0.115	0.079	0.094	0.099	1	1	0	0	0	0	14.4	15.5	18.5	0.009800	0.024800	0.040400	0.024800	0.451800	0.321700	4.169500	0.503500	3.317800	0.957700	0.711900	0.424100	4.395300	0.659900	1.296600	1.791700	1.765300	0.499300	0.680900	0.484400	-0.710500	0.467300	2.787300	0.308500	0.775600	0.429600	1.719200	0.027300
147539	M8_147539	legac_M8_147539_v2.0.fits	1	149.775925	2.066044	0.022379	0.695833	136.5	4.8	low_sigma	3.884	0.593	0.534	-0.032	0.045	0.058	0.166	0.045	0.046	1	1	0	0	0	0	30.5	27.2	40.8	0.026400	0.010200	0.068900	0.009800	1.102900	0.173200	4.554800	0.395100	3.740800	0.397600	0.977500	0.253300	2.713700	0.402500	6.240600	0.707100	1.781200	0.211700	0.011900	0.298000	-3.427900	0.333600	1.180500	0.215700	-0.551800	0.292900	1.693100	0.016700
150848	M8_150848	legac_M8_150848_v2.0.fits	1	149.754272	2.104958	0.011282	0.701128	270.5	9.2	high_sigma	2.402	0.213	0.207	0.221	0.039	0.036	0.118	0.020	0.024	1	1	0	0	0	0	40.9	31.6	52.1	0.031400	0.009200	0.065500	0.009300	0.638600	0.142700	4.112500	0.339400	3.614300	0.307200	1.112200	0.256800	2.793000	0.310900	6.425700	0.593100	2.675000	0.196700	-0.150000	0.250400	-3.244900	0.250800	1.017600	0.176900	-0.246300	0.236100	NaN	NaN
156118	M8_156118	legac_M8_156118_v2.0.fits	1	149.749603	2.168833	0.016016	0.829546	211.8	15.1	low_sigma	3.020	0.563	0.622	0.151	0.079	0.100	0.352	0.071	0.083	1	1	0	0	0	0	11.0	11.0	15.4	0.091300	0.040200	0.141300	0.040200	0.465200	0.565500	3.785300	1.132400	4.763000	1.167200	1.445900	0.427600	0.336700	1.248000	3.404900	1.879700	0.000000	NaN	0.111900	0.703900	-1.865000	1.002500	1.957300	0.425600	0.746300	0.716900	1.705700	0.033800
158934	M8_158934	legac_M8_158934_v2.0.fits	1	149.760773	2.201228	0.012315	0.837041	195.3	7.1	low_sigma	1.743	0.124	0.097	0.236	0.049	0.063	0.202	0.036	0.033	1	1	0	0	0	0	25.1	27.3	35.3	0.032400	0.012300	0.071900	0.012500	0.807700	0.233900	3.750200	0.442400	2.680000	0.428900	0.396800	0.181100	3.017700	0.640800	5.122200	0.615500	4.443000	0.656500	0.724600	0.278300	-1.517800	0.372500	2.098000	0.194300	0.968200	0.382400	1.632700	0.013100
160400	M8_160400	legac_M8_160400_v2.0.fits	1	149.800278	2.217772	0.010958	0.603196	200.2	6.3	low_sigma	5.861	0.319	0.322	0.023	0.017	0.024	0.281	0.027	0.026	1	1	0	0	0	0	44.3	35.0	49.8	0.065600	0.008000	0.121800	0.008100	0.988500	0.124700	5.466100	0.239600	3.940900	0.264400	1.455600	0.137000	3.572300	0.297600	4.504400	0.431000	1.789100	0.207000	-1.160900	0.240100	-4.448500	0.212900	0.756700	0.170400	-0.928200	0.193900	1.823600	0.024500
162149	M8_162149	legac_M8_162149_v2.0.fits	1	149.782715	2.239154	0.022836	0.703435	268.7	9.7	high_sigma	2.793	0.158	0.253	-0.037	0.045	0.034	0.078	0.027	0.033	1	1	0	0	0	0	40.5	39.8	54.6	-0.000900	0.006800	0.041300	0.006800	0.321300	0.121900	4.070600	0.267300	3.620800	0.294400	1.238500	0.266600	3.042000	0.295200	5.220100	0.502400	1.515300	0.244100	0.727100	0.217400	-3.019300	0.217100	1.526400	0.137400	-0.078100	0.190900	1.646500	0.010700
163989	M8_163989	legac_M8_163989_v2.0.fits	1	149.791626	2.262230	0.014476	0.758269	264.0	12.1	high_sigma	1.716	0.126	0.133	0.325	0.059	0.075	0.171	0.043	0.042	1	1	0	0	0	0	19.0	21.1	27.6	0.038200	0.016700	0.089400	0.016600	0.810900	0.231800	3.855500	0.526000	3.928400	0.652500	1.007400	0.419500	2.947600	0.660200	5.139000	0.973800	2.287500	0.333600	0.215700	0.396100	-1.275800	0.785300	1.514000	0.243100	0.645200	0.428400	1.809000	0.023800
212391	M9_212391	legac_M9_212391_v2.0.fits	1	150.098999	2.546074	0.014520	0.726270	222.3	10.4	high_sigma	3.628	0.799	0.760	-0.072	0.064	0.082	-0.052	0.063	0.066	1	1	0	0	0	0	19.6	16.1	26.0	-0.017100	0.016500	0.030200	0.016400	0.724000	0.511500	4.491200	0.521500	4.220200	0.869000	1.901900	0.395800	3.190400	0.707600	5.317100	1.040700	3.129800	0.647700	-0.071000	0.440500	-3.723500	0.502500	1.252500	0.318100	-0.341600	0.400100	NaN	NaN
214324	M9_214324	legac_M9_214324_v2.0.fits	1	150.297455	2.568512	0.018766	0.654836	222.6	7.6	high_sigma	4.438	0.638	0.719	-0.177	0.047	0.051	0.259	0.052	0.051	1	1	0	0	0	0	28.6	25.9	35.7	0.015500	0.012300	0.052000	0.012300	0.986900	0.181400	4.531800	0.274900	3.885000	0.499700	1.157700	0.262500	3.273900	0.357900	3.425600	0.944200	2.079700	0.333700	1.033100	0.279700	-2.934300	0.269600	1.832400	0.196100	-0.070300	0.251200	1.645900	0.017700
214899	M9_214899	legac_M9_214899_v2.0.fits	1	150.124939	2.576346	0.015150	0.675069	171.5	8.2	low_sigma	2.927	0.530	0.475	0.163	0.066	0.097	0.324	0.046	0.063	1	1	0	0	0	0	18.8	16.2	25.2	0.078900	0.020500	0.132600	0.018800	1.294700	0.275600	4.406100	0.509800	3.099800	1.018500	1.230700	0.337700	3.763200	0.987800	4.076600	1.396900	1.845800	0.340100	-0.947200	0.596600	-2.352800	0.800200	0.942500	0.479200	-0.268100	0.771300	NaN	NaN
215424	M9_215424	legac_M9_215424_v2.0.fits	1	150.269073	2.580785	0.021830	0.886402	244.7	9.5	high_sigma	2.773	0.451	0.676	-0.022	0.085	0.120	0.065	0.054	0.070	1	1	0	0	0	0	14.4	18.3	20.7	0.004200	0.019400	0.041300	0.020100	1.029600	0.298200	3.663800	0.399100	4.274200	0.666900	0.000000	NaN	2.946700	0.515000	5.527200	1.643800	NaN	NaN	1.445500	0.571400	-3.271700	0.361700	2.008200	0.319500	-0.268500	0.319300	1.671600	0.028900
218701	M9_218701	legac_M9_218701_v2.0.fits	1	150.096054	2.621166	0.020574	0.695286	177.1	7.1	low_sigma	1.915	0.173	0.335	0.022	0.108	0.087	0.095	0.052	0.050	1	1	0	0	0	0	30.7	27.2	37.6	-0.009400	0.010400	0.039100	0.010300	0.884300	0.170300	3.776400	0.425200	3.606000	0.420600	1.102200	0.240400	2.792800	0.433700	4.711600	0.770300	2.606700	0.223700	1.548900	0.300200	-1.113300	0.339600	2.031900	0.216300	0.860900	0.300100	NaN	NaN
219831	M10_219831	legac_M10_219831_v2.0.fits	2	150.274017	2.631863	0.014760	0.850874	217.1	10.2	high_sigma	2.150	0.320	0.267	-0.158	0.065	0.154	0.101	0.072	0.069	1	1	0	0	0	0	12.4	18.4	20.2	0.010400	0.017800	0.056900	0.016000	0.874700	0.413700	3.425700	0.549900	2.961200	0.580200	NaN	NaN	NaN	NaN	NaN	NaN	NaN	NaN	2.059800	0.495000	-1.117400	0.456800	2.433200	0.398900	1.332400	0.416500	1.557300	0.017500
219831	M9_219831	legac_M9_219831_v2.0.fits	2	150.274017	2.631863	0.014760	0.850911	188.8	8.3	low_sigma	2.150	0.320	0.267	-0.158	0.065	0.154	0.101	0.072	0.069	1	1	0	0	0	0	17.9	21.4	25.4	0.000400	0.016200	0.023800	0.014400	0.791300	0.302800	2.985400	0.494500	3.174800	0.467500	0.979100	0.277400	2.885000	1.140500	3.482200	0.884200	NaN	NaN	2.242100	0.458300	-0.967900	0.400100	2.607900	0.369800	1.316100	0.366400	1.559200	0.016700
225431	M9_225431	legac_M9_225431_v2.0.fits	1	150.118393	2.699258	0.012626	0.701438	205.4	9.9	low_sigma	2.892	0.385	0.374	0.124	0.064	0.094	0.243	0.054	0.053	1	1	0	0	0	0	19.9	19.7	26.1	0.027900	0.015300	0.086300	0.015400	0.892400	0.238300	5.138400	0.952400	3.622400	0.574500	0.192800	0.508400	3.318800	0.797900	4.807700	1.537700	1.171500	0.578300	0.483000	0.407400	-2.615500	0.522400	1.954000	0.280700	0.343100	0.475200	1.797500	0.024100
227965	M9_227965	legac_M9_227965_v2.0.fits	1	150.101181	2.729305	0.018275	0.699639	241.6	8.0	high_sigma	2.285	0.147	0.154	0.188	0.032	0.033	-0.003	0.021	0.021	1	1	0	0	0	0	48.3	41.9	62.3	0.027200	0.006700	0.059200	0.006800	0.677800	0.110200	3.904400	0.253800	3.638500	0.244700	1.125700	0.479700	3.531200	0.247800	6.642900	0.473800	2.058800	0.165900	-0.468700	0.189600	-3.353200	0.207600	0.972300	0.132800	-0.379900	0.186700	NaN	NaN
231276	M9_231276	legac_M9_231276_v2.0.fits	1	150.341095	2.774403	0.021062	0.654057	238.1	6.5	high_sigma	3.939	0.174	0.144	0.097	0.023	0.025	0.238	0.024	0.019	1	1	0	0	0	0	40.1	41.4	51.9	0.056600	0.007600	0.091600	0.007600	1.071300	0.115900	4.515300	0.179600	3.463700	0.322400	1.314600	0.152500	2.919600	0.233500	5.693900	0.517200	2.068000	0.185900	-0.546300	0.177200	-3.771900	0.181100	1.065600	0.124600	-0.783700	0.169200	1.891200	0.012100
231544	M10_231544	legac_M10_231544_v2.0.fits	2	150.343094	2.780291	0.014456	0.654765	169.4	6.6	low_sigma	2.385	0.318	0.328	0.131	0.084	0.059	0.094	0.046	0.052	1	1	0	0	0	0	26.1	18.8	31.9	0.000300	0.016200	0.050000	0.016100	1.208400	0.243800	4.256200	0.366600	3.464500	0.623700	1.178800	0.332600	3.064300	0.419400	6.003000	0.898400	2.438100	0.324600	-0.025400	0.395600	-2.039700	0.337200	1.686900	0.279200	0.454100	0.308600	NaN	NaN
231544	M9_231544	legac_M9_231544_v2.0.fits	2	150.343094	2.780291	0.014456	0.654693	164.4	7.8	low_sigma	2.385	0.318	0.328	0.131	0.084	0.059	0.094	0.046	0.052	1	1	0	0	0	0	16.9	18.2	20.7	0.015600	0.019100	0.063200	0.019000	1.223000	0.263000	4.687800	0.425200	4.402400	0.778800	1.251500	0.544100	2.258900	0.565700	5.157900	1.289400	2.318100	0.473200	0.025600	0.397600	-2.497000	0.421000	1.785900	0.272100	0.233600	0.385200	1.738700	0.023700
192617	M10_192617	legac_M10_192617_v2.0.fits	1	150.375763	2.626597	0.015300	0.712999	166.2	6.1	low_sigma	2.340	0.253	0.296	0.195	0.058	0.039	0.130	0.034	0.036	1	1	0	0	0	0	23.2	22.9	30.2	0.031600	0.011400	0.089400	0.011400	0.970300	0.301500	4.458800	0.420100	4.358600	0.495200	1.016200	0.356300	2.730100	0.543900	5.906000	0.839300	1.401700	0.765700	0.222400	0.340400	-3.242400	0.348800	1.622800	0.220800	0.110600	0.302100	1.716500	0.018800
213772	M10_213772	legac_M10_213772_v2.0.fits	1	150.186218	2.558995	0.019026	0.700394	270.4	11.2	high_sigma	3.688	0.303	0.351	0.142	0.040	0.034	0.119	0.031	0.042	1	1	0	0	0	0	40.9	30.4	52.2	0.047100	0.009200	0.080300	0.009300	0.893200	0.144600	4.521100	0.317500	3.603400	0.316000	0.957400	0.398900	4.089600	0.316400	5.767100	0.564800	2.281400	0.213200	-0.337400	0.262700	-4.524800	0.267000	0.708700	0.188600	-0.877100	0.243200	NaN	NaN
225441	M10_225441	legac_M10_225441_v2.0.fits	1	150.189102	2.699713	0.013306	0.682320	171.1	7.3	low_sigma	1.209	0.129	0.132	0.109	0.065	0.045	0.076	0.033	0.034	1	1	0	0	0	0	28.9	29.2	33.1	-0.056900	0.010100	-0.009800	0.010000	0.639000	0.160200	3.218900	0.344800	1.892900	0.506900	0.671600	0.234800	2.995000	0.587000	5.452700	0.822500	3.351700	0.241100	3.340300	0.273500	1.426800	0.352900	2.933200	0.207100	2.395100	0.295900	NaN	NaN
227516	M10_227516	legac_M10_227516_v2.0.fits	1	150.219345	2.721399	0.017962	0.779201	252.2	8.3	high_sigma	4.349	0.421	0.472	0.016	0.037	0.037	0.269	0.086	0.089	1	1	0	0	0	0	29.2	32.7	43.7	0.051300	0.010000	0.083300	0.010600	0.580500	0.166500	4.993800	0.476200	2.805200	0.452900	0.771400	0.239600	2.332700	0.326400	6.432500	0.784700	2.342700	0.310000	-0.069300	0.281700	-3.612500	0.312300	0.857000	0.197700	-0.698400	0.291200	1.641000	0.012100
228215	M10_228215	legac_M10_228215_v2.0.fits	1	150.229248	2.731770	0.007025	0.610859	228.6	7.1	high_sigma	5.053	0.506	0.241	0.063	0.022	0.038	0.226	0.032	0.030	1	1	0	0	0	0	36.8	30.7	44.0	0.060300	0.008900	0.102900	0.008800	0.996400	0.150800	4.821600	0.284800	3.871200	0.315000	1.004800	0.165200	3.189000	0.382400	5.571300	0.509900	1.742700	0.257700	-0.941900	0.255600	-4.305900	0.249100	0.837400	0.178500	-1.000400	0.228800	NaN	NaN
228380	M10_228380	legac_M10_228380_v2.0.fits	1	150.224655	2.734589	0.017734	0.611376	259.5	10.0	high_sigma	5.426	0.568	0.670	-0.219	0.033	0.037	0.248	0.040	0.040	1	1	0	0	0	0	36.1	30.0	44.0	0.005100	0.009000	0.041900	0.008900	0.645200	0.154300	4.216100	0.339800	2.546800	0.341200	0.592800	0.177000	2.245200	0.393200	4.499000	0.759300	1.325500	0.285500	-0.069400	0.257000	-3.073000	0.265000	1.067100	0.185600	-0.311700	0.239100	NaN	NaN
213004	M11_213004	legac_M11_213004_v2.0.fits	1	150.027878	2.552033	0.013220	0.746492	247.7	7.1	high_sigma	3.004	0.158	0.142	0.207	0.020	0.030	0.165	0.020	0.027	1	1	0	0	0	0	39.4	40.6	51.4	0.072500	0.008300	0.107500	0.008300	0.740200	0.125400	4.430500	0.200300	3.677800	0.344100	1.108200	0.162300	2.565300	0.333500	5.139000	0.403900	1.967500	0.190400	-1.003300	0.178300	-3.771100	0.242900	1.082400	0.123000	-0.257300	0.205100	1.774400	0.010300
213141	M11_213141	legac_M11_213141_v2.0.fits	1	150.000305	2.555706	0.022492	0.751915	156.4	10.2	low_sigma	2.510	0.476	0.581	0.134	0.128	0.091	0.169	0.079	0.087	1	1	0	0	0	0	12.0	11.7	15.8	0.050300	0.027900	0.108100	0.027900	1.187600	0.421600	4.186900	0.698600	4.542500	1.073700	0.945600	0.724700	3.522200	0.999900	3.644700	1.242300	3.290300	0.575800	-0.090400	0.614500	-1.917300	1.479800	1.972300	0.431200	0.886900	1.730200	1.824500	0.038100
215585	M11_215585	legac_M11_215585_v2.0.fits	1	150.051956	2.580454	0.020201	0.748731	303.7	10.2	high_sigma	2.800	0.303	0.340	0.188	0.051	0.050	0.057	0.021	0.020	1	1	0	0	0	0	35.6	40.6	49.8	0.073400	0.008100	0.097700	0.008100	0.674400	0.137100	3.489700	0.205100	3.793700	0.342300	0.978700	0.182600	2.241400	0.308400	3.629800	0.397200	NaN	NaN	-1.319400	0.184400	-3.491700	0.253000	0.670300	0.127100	-0.222400	0.248300	1.698700	0.009400
216353	M11_216353	legac_M11_216353_v2.0.fits	1	149.998215	2.592018	0.018604	0.694716	185.9	7.1	low_sigma	2.919	0.246	0.336	0.108	0.044	0.042	-0.070	0.036	0.037	1	1	0	0	0	0	31.7	26.9	40.2	0.026600	0.010200	0.069000	0.010200	0.919500	0.171100	3.968900	0.358700	4.146400	0.381100	1.476600	0.195500	3.357600	0.381600	5.611500	0.672100	1.801400	0.210800	-1.214900	0.304500	-3.869900	0.313200	0.880400	0.211600	-0.649300	0.295000	NaN	NaN
217260	M11_217260	legac_M11_217260_v2.0.fits	1	150.043427	2.602881	0.013000	0.699135	226.9	10.2	high_sigma	3.513	0.613	0.624	0.010	0.049	0.068	-0.142	0.057	0.060	1	1	0	0	0	0	21.9	21.6	28.9	0.030500	0.012900	0.037000	0.013000	0.574000	0.221400	3.666700	0.477900	4.417500	0.472800	0.850500	0.337600	3.790500	0.478200	6.761500	0.880800	1.774100	0.318700	-0.644100	0.360700	-3.303900	0.394300	2.126600	0.239100	-0.308500	0.348100	1.730000	0.020000
219324	M11_219324	legac_M11_219324_v2.0.fits	1	150.077225	2.628223	0.020043	0.695109	149.9	6.0	low_sigma	2.889	0.286	0.350	0.076	0.051	0.054	-0.119	0.037	0.039	1	1	0	0	0	0	22.3	25.5	31.1	0.014000	0.010900	0.067900	0.010900	1.062400	0.190200	4.486100	0.405300	5.110300	0.434200	1.412600	0.234600	3.055100	0.461000	5.318500	0.808200	NaN	NaN	-0.630100	0.310100	-5.144700	0.367000	1.381700	0.216300	0.154400	0.307300	1.663800	0.015100
221163	M11_221163	legac_M11_221163_v2.0.fits	1	150.061539	2.647224	0.014971	0.697538	220.5	7.5	high_sigma	4.680	0.641	0.715	-0.134	0.053	0.050	-0.127	0.043	0.045	1	1	0	0	0	0	34.2	35.8	45.7	0.027800	0.007600	0.053000	0.007700	0.728100	0.135500	4.056200	0.288400	3.591700	0.314600	1.031000	0.172800	3.029800	0.313700	5.379800	0.589000	1.476600	0.191700	-1.396000	0.218400	-3.491600	0.253500	1.280800	0.151500	-0.634100	0.222500	1.673600	0.011000
226721	M11_226721	legac_M11_226721_v2.0.fits	1	150.011124	2.714046	0.019498	0.737342	211.0	8.7	low_sigma	2.473	0.280	0.222	0.152	0.050	0.049	0.117	0.029	0.034	1	1	0	0	0	0	29.0	27.7	39.4	0.018400	0.010500	0.074000	0.010500	1.169100	0.213600	4.373400	0.274900	3.957400	0.704200	1.201500	0.230200	2.698700	0.432800	5.374000	0.528600	2.256400	0.558900	0.602500	0.256100	-2.581300	0.279500	1.961700	0.176900	0.583300	0.265900	1.643700	0.014500
229551	M11_229551	legac_M11_229551_v2.0.fits	1	150.049347	2.750231	0.011664	0.695773	209.5	6.8	low_sigma	4.073	0.161	0.151	-0.154	0.015	0.021	0.141	0.029	0.033	1	1	0	0	0	0	32.8	33.2	44.3	-0.002300	0.008200	0.043600	0.008000	1.241200	0.137200	4.676000	0.296300	3.481100	0.329300	0.673700	0.192700	2.265300	0.339700	5.411400	0.566700	2.703200	0.185000	-0.246100	0.232900	-2.411700	0.255900	1.801200	0.163000	0.155700	0.227900	1.656800	0.012800
229591	M11_229591	legac_M11_229591_v2.0.fits	1	149.993744	2.753491	0.014401	0.737154	178.2	10.4	low_sigma	2.497	0.384	0.464	0.192	0.082	0.076	-0.032	0.054	0.051	1	1	0	0	0	0	16.6	14.2	22.1	0.024900	0.020500	0.066900	0.020500	1.310700	0.395700	4.176300	0.534500	4.503000	1.179700	1.319900	0.411100	3.407000	0.712100	5.369600	0.940000	1.990500	0.590800	0.126800	0.491500	-3.022000	0.517700	1.287900	0.354300	-0.287900	0.499900	1.742000	0.032500
232962	M11_232962	legac_M11_232962_v2.0.fits	1	150.044891	2.794218	0.008511	0.697697	230.4	8.7	high_sigma	5.570	0.675	0.854	-0.223	0.047	0.045	-0.024	0.057	0.051	1	1	0	0	0	0	30.8	30.6	43.2	0.036500	0.008900	0.066700	0.009000	0.993400	0.150900	3.965700	0.326200	2.876600	0.344000	1.252100	0.192300	2.827400	0.336700	4.730000	0.596700	1.613400	0.223500	-1.392700	0.261900	-2.834600	0.279100	1.160500	0.182500	-0.579300	0.250300	1.722900	0.014600
244738	M11_244738	legac_M11_244738_v2.0.fits	1	149.881958	2.574474	0.016395	0.697081	212.8	7.5	low_sigma	4.420	0.688	0.668	-0.099	0.042	0.059	-0.026	0.048	0.048	1	1	0	0	0	0	29.0	28.2	37.3	0.009100	0.009700	0.062700	0.009800	0.782200	0.210300	4.179600	0.368600	3.762300	0.386100	0.973200	0.216900	2.630100	0.390800	4.410000	0.711800	2.217400	0.231000	-1.404900	0.286700	-3.357900	0.320800	1.171300	0.198500	-0.495200	0.281300	1.634700	0.014600
245252	M11_245252	legac_M11_245252_v2.0.fits	1	149.877914	2.577993	0.019076	0.694377	266.6	7.3	high_sigma	3.079	0.161	0.170	0.084	0.020	0.028	0.066	0.018	0.020	1	1	0	0	0	0	44.2	42.4	58.0	0.023300	0.006500	0.073300	0.006600	0.785100	0.111700	4.273900	0.230300	3.710400	0.253700	1.009800	0.135800	2.358100	0.266700	5.899200	0.464700	1.920900	0.141300	-0.782700	0.189200	-3.490400	0.202700	1.317100	0.129800	-0.393100	0.194700	1.637700	0.010000
247826	M11_247826	legac_M11_247826_v2.0.fits	1	149.899323	2.617291	0.009682	0.666763	251.3	19.4	high_sigma	5.256	0.987	1.035	0.156	0.064	0.081	0.416	0.068	0.054	1	1	0	0	0	0	12.2	11.8	15.8	0.101500	0.025900	0.142500	0.025500	0.417300	0.407300	5.581900	0.623500	3.984100	1.148900	1.263000	0.433800	2.348600	0.913500	5.349600	1.691200	1.455500	0.540500	-0.541600	0.710500	-4.850400	0.697000	0.326500	0.533400	-0.739900	0.690200	1.779600	0.040400
248829	M11_248829	legac_M11_248829_v2.0.fits	1	149.855957	2.629986	0.017788	0.763469	164.8	9.2	low_sigma	2.402	0.302	0.384	-0.172	0.062	0.074	0.091	0.057	0.065	1	1	0	0	0	0	19.7	19.8	25.6	-0.006400	0.016900	0.043700	0.016100	0.840300	0.230600	2.568000	0.619100	3.047200	0.698000	1.214800	0.434600	2.738700	0.600300	2.729400	0.900700	2.164900	0.327700	1.025000	0.395700	-0.535900	0.496900	1.874400	0.308500	0.839600	0.429600	1.629700	0.019800
259363	M11_259363	legac_M11_259363_v2.0.fits	1	149.893356	2.765781	0.013634	0.665584	144.7	7.1	low_sigma	3.106	0.183	0.237	0.082	0.035	0.037	0.191	0.044	0.044	1	1	0	0	0	0	21.8	22.2	25.7	0.054600	0.013700	0.104300	0.013200	0.802600	0.215500	4.108300	0.361800	3.042300	0.659100	0.983000	0.256500	3.375300	0.489800	3.211800	0.983100	1.954700	0.322100	-0.289600	0.370200	-1.584000	0.373200	1.598900	0.268900	0.652500	0.364300	1.721900	0.019800
91529	M12_91529	legac_M12_91529_v2.0.fits	1	150.494400	2.282177	0.010903	0.840625	300.5	8.8	high_sigma	1.318	0.059	0.061	0.107	0.025	0.012	0.243	0.021	0.024	1	1	0	0	0	0	34.8	42.5	48.9	-0.047300	0.007100	-0.012600	0.007200	0.595300	0.148800	2.507700	0.279400	2.617700	0.295500	1.025600	0.131300	1.865700	0.581300	4.356800	0.471300	NaN	NaN	2.967600	0.164100	0.672900	0.250100	2.656500	0.118500	1.729800	0.250500	1.584900	0.007500
92258	M12_92258	legac_M12_92258_v2.0.fits	1	150.647217	2.293598	0.013709	0.747822	203.5	7.5	low_sigma	4.605	0.834	0.710	-0.123	0.047	0.060	0.255	0.057	0.048	1	1	0	0	0	0	27.1	28.6	35.2	0.034000	0.012200	0.072300	0.012100	0.709800	0.189600	4.179700	0.305900	2.912100	0.529300	1.329200	0.252900	2.764200	0.542600	3.938900	0.585200	1.841900	0.283300	0.002700	0.247900	-3.081400	0.398600	1.352600	0.174900	-0.360300	0.402800	1.625600	0.013500
92979	M12_92979	legac_M12_92979_v2.0.fits	1	150.708786	2.305975	0.022908	0.607937	227.4	10.2	high_sigma	4.256	0.492	0.517	0.032	0.044	0.052	0.096	0.047	0.046	1	1	0	0	0	0	21.5	21.6	24.6	0.032900	0.012500	0.082900	0.012500	0.748100	0.217900	4.945300	0.422500	5.208900	0.463500	1.410300	0.251600	3.667000	0.559400	4.825800	0.790200	2.493600	0.432200	0.160100	0.346900	-4.656900	0.371800	1.289200	0.248100	-0.864000	0.327500	1.801100	0.025400
94982	M12_94982	legac_M12_94982_v2.0.fits	1	150.636307	2.333361	0.012097	0.609727	243.0	10.9	high_sigma	3.739	0.272	0.625	-0.138	0.052	0.025	-0.148	0.040	0.048	1	1	0	0	0	0	30.4	22.4	35.5	-0.032500	0.017900	-0.001200	0.018000	0.875800	0.200700	4.130000	0.466800	4.419500	0.402600	0.905900	0.216600	2.243300	0.448700	6.253400	0.673800	1.257200	0.469700	0.257900	0.457100	-3.297600	0.419900	0.828300	0.339400	-0.350200	0.357000	NaN	NaN
95303	M12_95303	legac_M12_95303_v2.0.fits	1	150.452759	2.339176	0.015253	0.881832	201.7	9.5	low_sigma	2.570	0.323	0.324	-0.044	0.065	0.087	0.092	0.043	0.049	1	1	0	0	0	0	22.1	23.3	26.0	0.005100	0.014400	0.051100	0.013800	0.782000	0.265700	3.800300	0.320800	3.395200	0.526500	0.595600	0.329500	2.288500	0.389100	5.248300	0.881600	2.727300	0.300400	0.825300	0.399100	-2.320000	0.290000	1.732800	0.267500	0.558600	0.251600	1.652200	0.019100
95323	M12_95323	legac_M12_95323_v2.0.fits	1	150.643204	2.341353	0.017103	0.824770	193.2	13.6	low_sigma	2.237	0.278	0.511	0.331	0.082	0.080	0.163	0.054	0.058	1	1	0	0	0	0	10.4	13.1	16.1	0.069500	0.036600	0.124300	0.036800	0.791000	0.500200	5.000100	0.773100	3.403900	0.986800	1.599300	0.403500	3.263100	0.892100	6.863000	1.454800	NaN	NaN	-0.664800	0.529200	-2.349100	0.706300	1.124600	0.381300	0.265400	0.682400	1.774900	0.029600
97931	M12_97931	legac_M12_97931_v2.0.fits	1	150.664825	2.379280	0.016407	0.695967	256.2	6.6	high_sigma	2.660	0.186	0.149	0.217	0.048	0.023	0.209	0.020	0.022	1	1	0	0	0	0	56.7	57.9	72.4	0.051900	0.016400	0.089700	0.014900	0.975500	0.081600	3.998700	0.187400	3.590900	0.197600	1.028400	0.105500	2.093600	0.203400	5.909000	0.416000	2.552200	0.121200	0.000000	NaN	-3.026500	0.155500	0.000000	NaN	-0.170900	0.137400	0.000000	NaN
180774	M12_180774	legac_M12_180774_v2.0.fits	1	150.499725	2.455314	0.021908	0.678249	149.0	8.2	low_sigma	2.887	0.411	0.497	-0.036	0.061	0.106	0.203	0.059	0.060	1	1	0	0	0	0	22.2	22.3	27.4	0.000000	NaN	0.000000	NaN	1.168600	0.202900	3.887100	0.435600	1.812600	0.878200	0.746500	0.288400	3.363200	0.690400	1.971900	1.946300	2.757200	0.291700	0.000000	NaN	-1.721600	0.554400	0.000000	NaN	0.659800	0.521000	1.701300	0.117000
181945	M12_181945	legac_M12_181945_v2.0.fits	1	150.496033	2.469597	0.014291	0.679514	254.2	7.1	high_sigma	1.904	0.053	0.054	0.110	0.011	0.010	0.236	0.018	0.014	1	1	0	0	0	0	61.8	62.1	72.9	0.000000	NaN	0.000000	NaN	0.766000	0.074100	3.675700	0.153900	3.255000	0.212200	0.664900	0.103100	3.083700	0.300200	4.333500	0.374400	2.823200	0.108400	0.000000	NaN	-1.533900	0.152800	0.000000	NaN	0.629100	0.147800	1.579700	0.038900
183927	M12_183927	legac_M12_183927_v2.0.fits	1	150.615082	2.500369	0.007244	0.795852	169.9	11.7	low_sigma	3.423	0.777	0.825	-0.092	0.067	0.114	0.080	0.071	0.075	1	1	0	0	0	0	18.3	17.7	25.5	-0.012700	0.016300	0.030300	0.016900	1.573300	0.637500	4.436500	0.529700	3.458400	0.880600	0.479700	0.386000	3.812600	0.455500	7.158600	1.401400	1.679300	0.348400	1.346400	0.499400	-3.407000	0.527800	1.775800	0.343800	-0.760000	0.466300	0.000000	NaN
185653	M12_185653	legac_M12_185653_v2.0.fits	1	150.452866	2.522418	0.017351	0.677631	173.8	10.2	low_sigma	3.109	0.297	0.520	-0.014	0.046	0.043	-0.062	0.054	0.064	1	1	0	0	0	0	21.5	17.3	27.1	0.000000	NaN	0.000000	NaN	0.456300	0.257600	5.063900	0.458800	4.811500	0.720900	1.178200	0.321300	2.945500	0.809000	4.397300	1.183500	3.082200	0.295000	0.000000	NaN	-3.341900	0.534700	0.000000	NaN	0.025000	0.496400	NaN	NaN
213449	M13_213449	legac_M13_213449_v2.0.fits	1	149.974670	2.555515	0.017878	0.731187	218.2	7.6	high_sigma	2.777	0.159	0.104	0.175	0.027	0.033	0.169	0.022	0.028	1	1	0	0	0	0	32.3	38.3	47.2	0.039000	0.006900	0.083300	0.007000	0.702500	0.168600	4.443900	0.228000	3.763800	0.463800	0.793000	0.195500	2.302200	0.352900	7.080900	0.522500	NaN	NaN	-0.201300	0.178200	-2.940600	0.248700	1.034500	0.127400	-0.667600	0.206100	1.746800	0.010400
215449	M13_215449	legac_M13_215449_v2.0.fits	1	149.982452	2.581221	0.009478	0.696671	222.3	9.9	high_sigma	2.225	0.062	0.082	0.404	0.011	0.011	0.306	0.007	0.009	1	1	0	0	0	0	25.8	28.0	35.4	0.106600	0.009900	0.158300	0.010000	0.728100	0.168700	3.906300	0.405200	3.846900	0.396400	0.235500	0.236700	2.034500	0.411300	4.688100	0.754500	1.922700	0.251500	-0.829600	0.285000	-2.874300	0.332200	0.764800	0.201100	-0.316000	0.293400	1.871700	0.016600
215951	M13_215951	legac_M13_215951_v2.0.fits	1	149.989044	2.587795	0.023421	0.665776	160.4	4.9	low_sigma	2.988	0.121	0.168	-0.004	0.018	0.037	0.079	0.024	0.024	1	1	0	0	0	0	41.9	45.1	50.4	0.029400	0.006900	0.070300	0.006700	0.728500	0.107000	4.367700	0.174100	3.879000	0.329300	1.531100	0.128800	2.045900	0.271100	5.126100	0.542800	2.465800	0.171000	-0.303900	0.178500	-3.313200	0.195800	0.999800	0.129900	-0.011200	0.190800	1.774000	0.009900
216897	M13_216897	legac_M13_216897_v2.0.fits	1	149.927246	2.599167	0.017484	0.678598	226.7	5.6	high_sigma	1.801	0.081	0.116	0.307	0.082	0.016	-0.009	0.017	0.019	1	1	0	0	0	0	65.6	60.6	79.1	0.015000	0.004800	0.054500	0.005000	0.902600	0.075400	4.194800	0.145100	4.252700	0.194100	1.354500	0.091700	3.913600	0.246600	5.734800	0.332800	2.770300	0.099900	0.447700	0.137400	-2.987900	0.148100	1.753400	0.099400	0.194400	0.140300	NaN	NaN
219726	M13_219726	legac_M13_219726_v2.0.fits	1	149.943863	2.632648	0.012735	0.701970	267.4	14.4	high_sigma	3.286	0.523	0.493	0.202	0.082	0.089	0.126	0.057	0.061	1	1	0	0	0	0	17.6	17.3	25.6	0.126700	0.016900	0.158900	0.016800	0.448600	0.275600	4.685500	0.704900	3.673800	0.608900	0.602100	0.527000	3.204800	0.663400	7.307500	1.348200	2.368000	0.511800	-1.124900	0.458600	-3.514900	0.538500	0.287300	0.329300	-0.919400	0.477100	1.877400	0.028900
230747	M13_230747	legac_M13_230747_v2.0.fits	1	149.913544	2.769219	0.013863	0.698464	161.3	9.2	low_sigma	1.804	0.143	0.199	0.218	0.094	0.074	0.071	0.054	0.057	1	1	0	0	0	0	22.6	18.6	29.6	0.017700	0.014700	0.044600	0.015500	1.217100	0.236300	4.114900	0.611700	3.880600	0.511500	0.895600	0.342300	3.508900	0.527800	5.236500	0.973600	1.684600	0.333100	-0.115400	0.472100	-0.809900	0.480400	1.640100	0.326600	0.313500	0.439800	NaN	NaN
231554	M13_231554	legac_M13_231554_v2.0.fits	1	149.901550	2.780864	0.014440	0.697337	151.3	15.8	low_sigma	2.465	0.368	0.810	0.362	0.117	0.083	0.315	0.068	0.075	1	1	0	0	0	0	10.9	8.1	13.7	0.105600	0.033500	0.161500	0.034100	1.396900	0.551700	5.134900	1.141700	4.690400	1.165100	1.062300	0.656000	4.091900	1.094200	5.341000	1.971500	3.886300	0.607400	-0.621500	1.004300	-3.250300	1.007900	1.017400	0.721200	0.386200	0.883100	NaN	NaN
243871	M13_243871	legac_M13_243871_v2.0.fits	1	149.756577	2.567532	0.014496	0.733397	213.6	11.6	low_sigma	3.710	0.505	0.575	-0.104	0.049	0.045	0.001	0.045	0.066	1	1	0	0	0	0	22.3	21.0	29.0	-0.020600	0.013200	0.016800	0.013300	0.975600	0.278000	4.973200	0.393200	4.476400	0.923100	1.056300	0.402100	2.839100	0.656700	6.970800	0.763100	1.972900	0.692800	0.444200	0.322700	-3.950800	0.401900	1.195800	0.233900	-0.164300	0.356900	NaN	NaN
246149	M13_246149	legac_M13_246149_v2.0.fits	1	149.818573	2.592881	0.011327	0.734534	213.7	8.7	low_sigma	4.818	0.508	0.699	-0.076	0.043	0.038	-0.039	0.037	0.040	1	1	0	0	0	0	26.6	30.2	35.8	0.007800	0.010300	0.047700	0.010300	0.755000	0.238200	4.302000	0.290100	5.067700	0.583800	0.951500	0.304100	2.410700	0.481500	5.984000	0.596100	1.157900	0.393000	-0.462900	0.224500	-4.833300	0.282900	0.687000	0.161500	-1.236200	0.270600	1.668500	0.012100
26438	M14_26438	legac_M14_26438_v2.0.fits	1	150.278183	1.766914	0.017990	0.670954	207.0	5.3	low_sigma	2.797	0.257	0.396	-0.182	0.054	0.040	0.074	0.035	0.058	1	1	0	0	0	0	40.6	35.7	49.4	-0.021000	0.008600	0.032000	0.008600	1.042400	0.137400	4.232300	0.210400	3.844400	0.355600	1.084400	0.157200	2.611600	0.342100	3.317000	0.598700	2.111900	0.168300	1.065400	0.228200	-1.578500	0.244300	2.229100	0.162900	0.830400	0.223800	NaN	NaN
31835	M14_31835	legac_M14_31835_v2.0.fits	1	150.109344	1.841610	0.016129	0.677404	202.4	8.0	low_sigma	2.372	0.262	0.323	0.303	0.059	0.046	0.061	0.030	0.031	1	1	0	0	0	0	27.4	22.2	35.0	0.059600	0.013900	0.090600	0.014000	0.638700	0.209300	4.880800	0.353500	4.647700	0.563600	1.301900	0.244200	4.043400	0.565100	6.539800	0.955000	2.080300	0.237600	-0.999300	0.402100	-3.671900	0.411600	1.038100	0.296300	-0.444600	0.380200	NaN	NaN
37322	M14_37322	legac_M14_37322_v2.0.fits	1	150.262558	1.918710	0.007256	0.865409	157.0	8.8	low_sigma	2.066	0.250	0.368	-0.153	0.091	0.144	0.114	0.078	0.081	1	1	0	0	0	0	13.7	16.3	19.6	-0.004400	0.020100	0.044400	0.021100	0.175000	0.414900	2.814600	0.612600	2.521000	0.635000	0.768800	0.642900	1.988500	1.022100	3.367300	1.772700	NaN	NaN	0.900600	0.577200	-0.103100	0.438100	1.406600	0.439200	1.499700	0.386700	1.585400	0.028900
37723	M14_37723	legac_M14_37723_v2.0.fits	1	150.132660	1.923388	0.007191	0.736004	204.0	7.6	low_sigma	2.812	0.228	0.279	-0.039	0.043	0.056	0.283	0.049	0.051	1	1	0	0	0	0	22.9	23.4	32.2	0.032700	0.016900	0.083500	0.016900	0.441500	0.353000	4.110400	0.355300	2.244200	0.722000	1.649500	0.316800	2.964200	0.608400	4.281900	0.697600	2.373400	0.432600	0.213600	0.289100	-2.028300	0.341700	1.215300	0.209700	0.370900	0.321700	1.738600	0.017800
38648	M14_38648	legac_M14_38648_v2.0.fits	1	150.121109	1.935035	0.018316	0.674277	308.2	11.2	high_sigma	1.454	0.052	0.053	0.163	0.022	0.014	0.006	0.022	0.019	1	1	0	0	0	0	52.7	48.1	67.5	-0.014600	0.006300	0.017800	0.005900	0.651700	0.096500	2.038300	0.169500	2.521500	0.295800	0.635000	0.121800	2.517100	0.290100	3.323100	0.454600	2.475900	0.121400	1.789200	0.168500	0.239600	0.187900	1.918600	0.129500	1.375400	0.170600	NaN	NaN
74563	M15_74563	legac_M15_74563_v2.0.fits	1	150.667801	2.023627	0.011131	0.735263	245.0	7.5	high_sigma	2.909	0.133	0.113	-0.028	0.021	0.027	0.281	0.030	0.030	1	1	0	0	0	0	34.7	38.6	46.2	0.036900	0.008000	0.070700	0.008000	0.548300	0.173700	3.793100	0.213000	2.927500	0.435500	1.129900	0.202400	2.538000	0.352700	4.420300	0.455900	2.207400	0.341600	0.565300	0.173200	-2.207600	0.207100	1.090100	0.127200	0.435700	0.197700	1.674000	0.009400
74882	M15_74882	legac_M15_74882_v2.0.fits	1	150.696075	2.028345	0.024070	0.709380	195.8	7.5	low_sigma	3.508	0.409	0.533	-0.081	0.045	0.040	0.231	0.045	0.047	1	1	0	0	0	0	22.3	27.1	31.0	0.024900	0.009800	0.058300	0.009400	0.863900	0.182500	4.485400	0.366200	3.483300	0.470700	1.514700	0.400000	2.772400	0.477200	4.852400	0.784500	NaN	NaN	0.277500	0.267500	-2.799600	0.300600	1.201200	0.201600	0.076300	0.263300	1.725500	0.013900
75008	M15_75008	legac_M15_75008_v2.0.fits	1	150.638885	2.032005	0.024023	0.722986	142.9	4.8	low_sigma	1.552	0.120	0.086	0.237	0.021	0.054	0.044	0.023	0.025	1	1	0	0	0	0	33.9	33.8	41.2	0.001100	0.008200	0.048700	0.008200	0.743400	0.215000	3.669100	0.251900	4.123700	0.447500	1.709000	0.169400	2.694800	0.366600	5.913000	0.553800	3.099700	0.379700	1.674600	0.203900	-1.121300	0.222800	2.322300	0.145000	0.875600	0.207000	1.598100	0.010700
77632	M15_77632	legac_M15_77632_v2.0.fits	1	150.453339	2.068515	0.018453	0.825272	273.1	10.0	high_sigma	2.968	0.132	0.146	0.023	0.025	0.032	0.251	0.028	0.028	1	1	0	0	0	0	34.5	33.5	44.1	0.028700	0.011900	0.070600	0.011900	0.407600	0.226300	3.731500	0.317500	2.731300	0.381400	0.993500	0.150500	3.241600	0.352000	5.330300	0.507400	2.086000	0.367100	0.284100	0.216400	-2.763800	0.278600	1.428500	0.154300	-0.518400	0.270400	1.630200	0.011300
77662	M15_77662	legac_M15_77662_v2.0.fits	1	150.616745	2.071845	0.025296	0.656460	236.7	13.6	high_sigma	2.922	0.236	0.317	-0.096	0.039	0.041	0.036	0.044	0.051	1	1	0	0	0	0	29.2	24.0	34.5	0.014800	0.013500	0.046500	0.012800	0.599800	0.205100	2.429100	0.313400	3.282400	0.595300	0.569300	0.261800	2.050000	0.400000	5.040700	0.747300	1.271900	0.276400	0.759500	0.346700	-2.657800	0.298800	1.326300	0.276300	-0.430900	0.282600	NaN	NaN
77745	M15_77745	legac_M15_77745_v2.0.fits	1	150.454132	2.072132	0.010665	0.825552	312.1	11.7	high_sigma	2.926	0.439	0.214	0.426	0.032	0.070	0.236	0.021	0.022	1	1	0	0	0	0	30.7	29.5	39.9	0.075700	0.013200	0.120200	0.013200	1.480700	0.223100	4.790300	0.346600	4.594400	0.411400	1.337200	0.163600	2.969600	0.360300	7.044300	0.547700	0.333700	0.369900	-0.707000	0.252500	-3.814000	0.319700	0.900300	0.174500	-0.795800	0.301000	1.778700	0.014600
86122	M15_86122	legac_M15_86122_v2.0.fits	1	150.657898	2.200536	0.016139	0.670190	215.6	7.5	high_sigma	3.956	0.496	0.362	0.089	0.039	0.044	0.089	0.052	0.052	1	1	0	0	0	0	34.0	32.3	44.6	0.052100	0.009400	0.090600	0.009500	1.077300	0.139400	3.976300	0.240600	4.944400	0.402000	0.987500	0.171100	2.042000	0.486200	5.337700	0.601400	2.170000	0.178700	-1.006200	0.260300	-3.389700	0.278000	0.676500	0.186500	-0.434900	0.259400	1.763200	0.015000
86907	M15_86907	legac_M15_86907_v2.0.fits	1	150.456589	2.210512	0.008264	0.727243	240.5	7.0	high_sigma	2.420	0.174	0.275	0.009	0.078	0.053	0.119	0.028	0.024	1	1	0	0	0	0	50.4	48.2	65.0	-0.003500	0.005500	0.045000	0.005500	0.872900	0.130000	4.048600	0.172200	3.410900	0.314600	0.844800	0.148200	2.639300	0.268300	5.229300	0.361900	2.394500	0.207800	0.882800	0.140200	-2.419400	0.164100	1.739000	0.102000	0.320800	0.134500	1.589300	0.007900
88032	M15_88032	legac_M15_88032_v2.0.fits	1	150.453217	2.228353	0.016500	0.839230	248.9	10.9	high_sigma	1.770	0.061	0.067	0.555	0.077	0.034	0.324	0.031	0.028	1	1	0	0	0	0	22.6	24.1	30.7	0.054300	0.013700	0.088900	0.014000	0.845700	0.290700	4.883000	0.847700	2.727600	0.502000	0.832700	0.210000	2.739000	0.657200	8.699000	0.706800	0.359500	0.826000	-0.292900	0.318600	-2.750200	0.680200	1.114700	0.223100	-0.055600	0.580900	1.721700	0.016500
