cell,mode,target,is_mock,tilt,snr_scale,seed,pixels,ess,calls,wall_s,logZ,logmass_q16,logmass_q50,logmass_q84,mwa_gyr_q16,mwa_gyr_q50,mwa_gyr_q84,Z_q16,Z_q50,Z_q84,afe_q16,afe_q50,afe_q84,diffuse_tau_kc_q16,diffuse_tau_kc_q50,diffuse_tau_kc_q84,spectrum_scaling_q16,spectrum_scaling_q50,spectrum_scaling_q84,f_calib_pct_q16,f_calib_pct_q50,f_calib_pct_q84,logmass_truth,mwa_gyr_truth,Z_truth,afe_truth,diffuse_tau_kc_truth,spectrum_scaling_truth,f_calib_pct_truth
mock_tilt0.00_snr0.25_seed1_all,all,M5_172669,True,0.0,0.25,1002,3602,3085.3,1072500,232.1,231918.0,11.10744,11.11538,11.12261,1.65832,1.69893,1.81359,-1.76698,-1.74692,-1.72766,0.15762,0.17669,0.19728,0.00463,0.01126,0.01815,1.22968,1.24894,1.26813,1.00815,1.03159,1.0813,11.10957,1.65697,-1.72274,0.13613,0.01124,1.23814,2.89651
mock_tilt0.00_snr0.25_seed1_features,features,M5_172669,True,0.0,0.25,1002,1389,3064.0,1020500,193.2,89702.29,11.11076,11.12041,11.13196,1.66012,1.72351,1.89932,-1.8147,-1.78092,-1.74931,0.1852,0.2111,0.23935,0.00901,0.01893,0.02848,1.23503,1.25447,1.27288,1.01895,1.07133,1.16972,11.10957,1.65697,-1.72274,0.13613,0.01124,1.23814,2.89651
mock_tilt0.00_snr0.25_seed1_features_downweight,features_downweight,M5_172669,True,0.0,0.25,1002,3602,3138.5,1014000,192.7,226595.41,11.11137,11.12086,11.13214,1.66028,1.72457,1.88917,-1.81129,-1.77998,-1.75014,0.1821,0.21052,0.24028,0.00815,0.01798,0.02863,1.23402,1.25349,1.27318,1.01978,1.07314,1.18636,11.10957,1.65697,-1.72274,0.13613,0.01124,1.23814,2.89651
mock_tilt0.00_snr0.25_seed2_all,all,M5_172669,True,0.0,0.25,2002,3602,3038.3,1105000,150.2,231920.03,11.10615,11.11438,11.12297,1.65749,1.68978,1.78737,-1.74302,-1.72472,-1.70764,0.13331,0.15269,0.17287,0.00259,0.00778,0.01399,1.2263,1.24391,1.26227,1.00729,1.02665,1.06522,11.10957,1.65697,-1.72274,0.13613,0.01124,1.23814,2.89651
mock_tilt0.00_snr0.25_seed2_features,features,M5_172669,True,0.0,0.25,2002,1389,2970.3,1020500,186.1,89693.61,11.10651,11.11455,11.12338,1.65276,1.67676,1.74599,-1.76711,-1.74085,-1.71364,0.15514,0.18088,0.20806,0.00429,0.01188,0.02145,1.22924,1.24881,1.26886,1.0176,1.06343,1.14939,11.10957,1.65697,-1.72274,0.13613,0.01124,1.23814,2.89651
mock_tilt0.00_snr0.25_seed2_features_downweight,features_downweight,M5_172669,True,0.0,0.25,2002,3602,3105.1,1040000,138.8,226583.83,11.10655,11.11495,11.12392,1.65162,1.67346,1.74866,-1.76534,-1.73681,-1.71084,0.15302,0.17897,0.20586,0.00424,0.01204,0.02137,1.22818,1.24697,1.26581,1.01678,1.06446,1.16108,11.10957,1.65697,-1.72274,0.13613,0.01124,1.23814,2.89651
mock_tilt0.00_snr1.00_seed1_all,all,M5_172669,True,0.0,1.0,1010,3602,3176.2,1365000,217.1,236513.84,11.09782,11.10502,11.11212,1.65413,1.66949,1.72562,-1.73632,-1.72934,-1.72266,0.13744,0.14486,0.15197,0.00898,0.01179,0.01452,1.24277,1.26189,1.28193,1.0002,1.00081,1.00197,11.10957,1.65697,-1.72274,0.13613,0.01124,1.23814,2.89651
mock_tilt0.00_snr1.00_seed1_features,features,M5_172669,True,0.0,1.0,1010,1389,3156.6,1261000,195.1,91449.28,11.09634,11.10307,11.10947,1.6527,1.66424,1.71828,-1.74781,-1.73663,-1.72551,0.14247,0.15343,0.16419,0.00801,0.01215,0.01673,1.24469,1.26393,1.28302,1.00047,1.00209,1.00545,11.10957,1.65697,-1.72274,0.13613,0.01124,1.23814,2.89651
mock_tilt0.00_snr1.00_seed1_features_downweight,features_downweight,M5_172669,True,0.0,1.0,1010,3602,3097.1,1306500,207.9,228314.26,11.09777,11.10459,11.11382,1.65434,1.67256,1.78264,-1.74877,-1.73772,-1.72537,0.14177,0.15203,0.16324,0.00864,0.01252,0.01628,1.24562,1.262,1.28023,1.00047,1.00197,1.00488,11.10957,1.65697,-1.72274,0.13613,0.01124,1.23814,2.89651
mock_tilt0.00_snr1.00_seed2_all,all,M5_172669,True,0.0,1.0,2010,3602,3219.6,1378000,183.9,236464.66,11.11761,11.1237,11.13021,1.65608,1.6735,1.71782,-1.72922,-1.72198,-1.71524,0.13299,0.14028,0.1476,0.00635,0.00915,0.01196,1.18891,1.20557,1.22144,1.00021,1.00086,1.0021,11.10957,1.65697,-1.72274,0.13613,0.01124,1.23814,2.89651
mock_tilt0.00_snr1.00_seed2_features,features,M5_172669,True,0.0,1.0,2010,1389,3254.5,1241500,165.8,91451.92,11.1181,11.12505,11.13158,1.65488,1.67494,1.72691,-1.73363,-1.72315,-1.71294,0.13399,0.14419,0.15383,0.00658,0.01079,0.01477,1.18881,1.20538,1.22256,1.00052,1.00199,1.00565,11.10957,1.65697,-1.72274,0.13613,0.01124,1.23814,2.89651
mock_tilt0.00_snr1.00_seed2_features_downweight,features_downweight,M5_172669,True,0.0,1.0,2010,3602,3190.5,1306500,175.8,228418.67,11.11816,11.12621,11.13416,1.65455,1.66949,1.71071,-1.7315,-1.72258,-1.71226,0.13424,0.144,0.15371,0.00745,0.01135,0.0153,1.18515,1.20261,1.22195,1.0005,1.00196,1.00466,11.10957,1.65697,-1.72274,0.13613,0.01124,1.23814,2.89651
mock_tilt0.03_snr0.25_seed1_all,all,M5_172669,True,0.03,0.25,1005,3602,3098.9,1118000,227.1,231882.32,11.1453,11.16096,11.17579,1.71904,1.99119,2.3104,-1.77257,-1.74937,-1.72107,0.10802,0.1274,0.15472,0.08917,0.09845,0.10899,1.26723,1.28867,1.30747,1.01116,1.03412,1.06768,11.10957,1.65697,-1.72274,0.13613,0.01124,1.23814,2.89651
mock_tilt0.03_snr0.25_seed1_features,features,M5_172669,True,0.03,0.25,1005,1389,3458.5,1046500,203.9,89672.55,11.13836,11.14997,11.16915,1.65909,1.79552,2.10256,-1.75418,-1.71332,-1.6755,0.08483,0.11627,0.14852,0.07068,0.0932,0.10954,1.25421,1.27516,1.29664,1.02176,1.08282,1.20816,11.10957,1.65697,-1.72274,0.13613,0.01124,1.23814,2.89651
mock_tilt0.03_snr0.25_seed1_features_downweight,features_downweight,M5_172669,True,0.03,0.25,1005,3602,3388.1,1066000,148.3,226546.36,11.14046,11.15368,11.18478,1.67788,1.83645,2.3593,-1.75204,-1.71558,-1.68307,0.0785,0.11183,0.14462,0.07098,0.0908,0.1068,1.25414,1.27991,1.30178,1.01808,1.07361,1.17622,11.10957,1.65697,-1.72274,0.13613,0.01124,1.23814,2.89651
mock_tilt0.03_snr0.25_seed2_all,all,M5_172669,True,0.03,0.25,2005,3602,3331.1,1144000,226.8,231814.98,11.14307,11.15479,11.19252,1.66444,1.76259,2.13381,-1.75648,-1.73155,-1.70702,0.09452,0.11662,0.13634,0.10668,0.11787,0.12715,1.25234,1.27435,1.29739,1.01725,1.06077,1.13312,11.10957,1.65697,-1.72274,0.13613,0.01124,1.23814,2.89651
mock_tilt0.03_snr0.25_seed2_features,features,M5_172669,True,0.03,0.25,2005,1389,3346.3,1066000,205.5,89657.16,11.13947,11.15014,11.16328,1.68854,1.83875,2.04584,-1.78819,-1.74033,-1.69839,0.05067,0.08577,0.1181,0.07078,0.08948,0.10384,1.22916,1.24978,1.27122,1.04198,1.13817,1.28324,11.10957,1.65697,-1.72274,0.13613,0.01124,1.23814,2.89651
mock_tilt0.03_snr0.25_seed2_features_downweight,features_downweight,M5_172669,True,0.03,0.25,2005,3602,3539.3,1066000,148.0,226581.99,11.13941,11.15268,11.17085,1.69642,1.8793,2.06532,-1.80089,-1.75167,-1.70352,0.05623,0.08805,0.11911,0.0763,0.09251,0.10865,1.23047,1.25363,1.27604,1.03781,1.12947,1.2696,11.10957,1.65697,-1.72274,0.13613,0.01124,1.23814,2.89651
mock_tilt0.03_snr1.00_seed1_all,all,M5_172669,True,0.03,1.0,1013,3602,3488.3,1417000,199.2,236461.4,11.15179,11.16049,11.16896,1.70025,1.7978,1.9032,-1.7384,-1.72926,-1.72016,0.12539,0.1323,0.14171,0.10985,0.11299,0.11725,1.24455,1.26067,1.28194,1.0002,1.00068,1.00171,11.10957,1.65697,-1.72274,0.13613,0.01124,1.23814,2.89651
mock_tilt0.03_snr1.00_seed1_features,features,M5_172669,True,0.03,1.0,1013,1389,3532.1,1339000,186.4,91461.05,11.14708,11.15819,11.17536,1.69108,1.78776,1.97448,-1.72286,-1.70846,-1.69761,0.11109,0.12239,0.13296,0.10116,0.10779,0.11378,1.24746,1.26685,1.2848,1.00055,1.0021,1.00588,11.10957,1.65697,-1.72274,0.13613,0.01124,1.23814,2.89651
mock_tilt0.03_snr1.00_seed1_features_downweight,features_downweight,M5_172669,True,0.03,1.0,1013,3602,3583.3,1339000,186.3,228377.95,11.14666,11.15516,11.16525,1.66891,1.73095,1.83219,-1.72316,-1.71045,-1.6973,0.11047,0.12277,0.1335,0.09875,0.10523,0.11246,1.24124,1.26247,1.28451,1.00053,1.00203,1.00592,11.10957,1.65697,-1.72274,0.13613,0.01124,1.23814,2.89651
mock_tilt0.03_snr1.00_seed2_all,all,M5_172669,True,0.03,1.0,2013,3602,3578.3,1423500,233.8,236510.38,11.15103,11.16163,11.17049,1.69112,1.84169,1.931,-1.74667,-1.74031,-1.73241,0.14074,0.14731,0.15357,0.1179,0.12096,0.12517,1.25818,1.28054,1.29819,1.00017,1.00061,1.00155,11.10957,1.65697,-1.72274,0.13613,0.01124,1.23814,2.89651
mock_tilt0.03_snr1.00_seed2_features,features,M5_172669,True,0.03,1.0,2013,1389,3485.8,1287000,216.2,91465.24,11.14834,11.15846,11.17134,1.67431,1.77149,1.91701,-1.75027,-1.7355,-1.72267,0.12741,0.13852,0.15089,0.10635,0.11337,0.12125,1.24528,1.26696,1.29411,1.00045,1.00187,1.0058,11.10957,1.65697,-1.72274,0.13613,0.01124,1.23814,2.89651
mock_tilt0.03_snr1.00_seed2_features_downweight,features_downweight,M5_172669,True,0.03,1.0,2013,3602,3388.5,1319500,217.1,228374.13,11.15252,11.16325,11.17411,1.72076,1.8949,2.06206,-1.74975,-1.738,-1.72627,0.12866,0.13837,0.14805,0.1065,0.11311,0.12054,1.25265,1.2723,1.2889,1.00069,1.00251,1.0072,11.10957,1.65697,-1.72274,0.13613,0.01124,1.23814,2.89651
mock_tilt0.06_snr0.25_seed1_all,all,M5_172669,True,0.06,0.25,1008,3602,3885.7,1202500,171.1,231856.47,11.17518,11.18992,11.22503,1.81006,1.98961,2.53328,-1.80081,-1.76654,-1.73522,0.06396,0.08741,0.11308,0.18924,0.20573,0.22073,1.32274,1.34436,1.36736,1.00887,1.03604,1.09212,11.10957,1.65697,-1.72274,0.13613,0.01124,1.23814,2.89651
mock_tilt0.06_snr0.25_seed1_features,features,M5_172669,True,0.06,0.25,1008,1389,3915.4,1144000,158.1,89660.21,11.17725,11.19489,11.22666,1.93929,2.16658,2.64897,-1.80239,-1.76052,-1.71354,0.01375,0.04431,0.0768,0.15775,0.17567,0.19723,1.29844,1.32298,1.34594,1.02934,1.10685,1.22962,11.10957,1.65697,-1.72274,0.13613,0.01124,1.23814,2.89651
mock_tilt0.06_snr0.25_seed1_features_downweight,features_downweight,M5_172669,True,0.06,0.25,1008,3602,3514.7,1118000,158.2,226524.61,11.17398,11.19009,11.22177,1.91716,2.09685,2.67423,-1.7852,-1.75244,-1.71521,0.01337,0.0475,0.07804,0.15748,0.1754,0.19364,1.30382,1.32791,1.34999,1.02689,1.08407,1.16528,11.10957,1.65697,-1.72274,0.13613,0.01124,1.23814,2.89651
mock_tilt0.06_snr0.25_seed2_all,all,M5_172669,True,0.06,0.25,2008,3602,3298.5,1150500,225.2,231834.21,11.17032,11.18465,11.19933,1.69015,1.83321,2.02172,-1.72527,-1.70178,-1.6781,0.06746,0.08886,0.1104,0.20252,0.21191,0.2224,1.31096,1.32921,1.35526,1.01079,1.04597,1.11678,11.10957,1.65697,-1.72274,0.13613,0.01124,1.23814,2.89651
mock_tilt0.06_snr0.25_seed2_features,features,M5_172669,True,0.06,0.25,2008,1389,3627.8,1085500,211.3,89656.23,11.16752,11.18146,11.20451,1.67783,1.85611,2.12957,-1.74058,-1.69182,-1.65135,0.04278,0.06935,0.09839,0.16041,0.17755,0.19321,1.28663,1.30899,1.33254,1.02822,1.0978,1.22793,11.10957,1.65697,-1.72274,0.13613,0.01124,1.23814,2.89651
mock_tilt0.06_snr0.25_seed2_features_downweight,features_downweight,M5_172669,True,0.06,0.25,2008,3602,3524.4,1098500,217.6,226530.79,11.16987,11.18326,11.21584,1.72945,1.90764,2.42134,-1.73173,-1.69318,-1.65251,0.03312,0.06995,0.10085,0.15762,0.17448,0.19135,1.28932,1.31312,1.33988,1.03403,1.12117,1.22487,11.10957,1.65697,-1.72274,0.13613,0.01124,1.23814,2.89651
mock_tilt0.06_snr1.00_seed1_all,all,M5_172669,True,0.06,1.0,1016,3602,3380.0,1508000,213.8,236415.41,11.18808,11.19647,11.20389,1.71536,1.81741,1.93355,-1.73545,-1.72509,-1.71541,0.12727,0.13734,0.1447,0.21509,0.2192,0.22325,1.29288,1.31361,1.33656,1.00024,1.00088,1.00214,11.10957,1.65697,-1.72274,0.13613,0.01124,1.23814,2.89651
mock_tilt0.06_snr1.00_seed1_features,features,M5_172669,True,0.06,1.0,1016,1389,3828.3,1345500,196.1,91406.85,11.18831,11.20112,11.22229,1.70162,1.85683,2.23393,-1.74146,-1.72598,-1.71171,0.12124,0.13184,0.14189,0.20074,0.20706,0.21395,1.28279,1.29928,1.32158,1.00062,1.00236,1.00637,11.10957,1.65697,-1.72274,0.13613,0.01124,1.23814,2.89651
mock_tilt0.06_snr1.00_seed1_features_downweight,features_downweight,M5_172669,True,0.06,1.0,1016,3602,3390.3,1358500,193.4,228312.42,11.18052,11.18817,11.20009,1.66925,1.73337,1.84924,-1.74373,-1.72641,-1.71364,0.12499,0.13709,0.14887,0.2065,0.21226,0.2172,1.29762,1.3157,1.33362,1.00071,1.00261,1.00536,11.10957,1.65697,-1.72274,0.13613,0.01124,1.23814,2.89651
mock_tilt0.06_snr1.00_seed2_all,all,M5_172669,True,0.06,1.0,2016,3602,3596.9,1449500,204.6,236426.72,11.1698,11.17666,11.18409,1.67893,1.75313,1.85197,-1.7249,-1.71234,-1.69784,0.10993,0.12257,0.1313,0.22032,0.22656,0.23219,1.33739,1.35974,1.38446,1.00022,1.00079,1.00219,11.10957,1.65697,-1.72274,0.13613,0.01124,1.23814,2.89651
mock_tilt0.06_snr1.00_seed2_features,features,M5_172669,True,0.06,1.0,2016,1389,3315.2,1319500,189.1,91439.8,11.16539,11.17322,11.18376,1.66742,1.72819,1.85003,-1.71411,-1.70215,-1.69082,0.10105,0.11053,0.11974,0.20671,0.21354,0.22002,1.32871,1.35305,1.37145,1.00045,1.00168,1.00509,11.10957,1.65697,-1.72274,0.13613,0.01124,1.23814,2.89651
mock_tilt0.06_snr1.00_seed2_features_downweight,features_downweight,M5_172669,True,0.06,1.0,2016,3602,3453.2,1384500,195.5,228292.4,11.17015,11.17902,11.19494,1.65861,1.71703,1.97704,-1.7104,-1.70062,-1.68909,0.10754,0.11635,0.12541,0.20776,0.21224,0.21705,1.31386,1.33648,1.35727,1.00041,1.00178,1.00494,11.10957,1.65697,-1.72274,0.13613,0.01124,1.23814,2.89651
real_M11_214430_all,all,M11_214430,False,0.0,1.0,0,3810,4010.3,1384500,216.1,251147.89,11.47275,11.49562,11.5136,3.60012,3.82877,3.99549,-1.67471,-1.645,-1.61125,-0.16832,-0.15469,-0.13985,0.58563,0.60181,0.61721,1.61533,1.65045,1.6843,5.04491,5.19336,5.34543,,,,,,,
real_M11_214430_features,features,M11_214430,False,0.0,1.0,0,1088,3338.9,1189500,234.5,71696.47,11.514,11.53338,11.55054,4.15593,4.42738,4.6796,-1.85073,-1.82407,-1.79745,-0.19899,-0.19615,-0.19006,0.46391,0.49223,0.52222,1.39093,1.43616,1.47709,3.81154,4.06121,4.28004,,,,,,,
real_M11_214430_features_downweight,features_downweight,M11_214430,False,0.0,1.0,0,3810,3577.7,1202500,189.4,246487.98,11.49132,11.51434,11.53601,3.92692,4.13079,4.36766,-1.84395,-1.8132,-1.78066,-0.19867,-0.19511,-0.18936,0.46447,0.4933,0.52331,1.39466,1.44054,1.48389,3.75807,3.93397,4.15026,,,,,,,
real_M5_172669_all,all,M5_172669,False,0.0,1.0,0,3602,3069.8,1176500,156.5,232731.18,11.10269,11.10966,11.11685,1.65354,1.66638,1.70265,-1.73256,-1.72256,-1.70963,0.11958,0.13436,0.14954,0.00675,0.0115,0.01593,1.21896,1.23681,1.25585,2.85514,2.89443,2.93707,,,,,,,
real_M5_172669_features,features,M5_172669,False,0.0,1.0,0,1389,3253.8,1170000,156.3,90430.48,11.11109,11.11907,11.12697,1.65929,1.70033,1.76282,-1.98453,-1.97185,-1.95413,0.34196,0.35934,0.37499,0.04909,0.05518,0.06074,1.24231,1.26061,1.27965,1.94708,1.99229,2.04449,,,,,,,
real_M5_172669_features_downweight,features_downweight,M5_172669,False,0.0,1.0,0,3602,3208.1,1209000,160.7,227369.5,11.11196,11.11946,11.12783,1.66031,1.70188,1.77457,-1.98502,-1.97259,-1.95461,0.34187,0.35823,0.37377,0.04861,0.05496,0.0607,1.24211,1.26082,1.27988,1.93992,1.98996,2.04338,,,,,,,
real_M9_232005_all,all,M9_232005,False,0.0,1.0,0,3494,3496.6,1202500,160.0,230695.73,10.84117,10.85077,10.86407,2.98202,3.01884,3.16958,-1.68738,-1.6703,-1.65382,0.08607,0.09721,0.1077,0.15436,0.16381,0.17323,1.03242,1.0514,1.06787,2.75803,2.84655,2.94237,,,,,,,
real_M9_232005_features,features,M9_232005,False,0.0,1.0,0,1521,3811.1,1170000,174.9,100541.24,10.90153,10.93519,10.9621,3.87071,4.2929,4.56929,-1.78926,-1.75266,-1.69815,0.09828,0.12188,0.13734,0.15982,0.17667,0.19081,1.04111,1.05873,1.07847,3.09779,3.20832,3.3531,,,,,,,
real_M9_232005_features_downweight,features_downweight,M9_232005,False,0.0,1.0,0,3494,3635.9,1170000,165.0,226195.17,10.93592,10.95847,10.98013,4.23882,4.61344,4.98799,-1.79286,-1.77723,-1.7494,0.10586,0.12515,0.14035,0.16274,0.17377,0.18419,1.03726,1.05872,1.07794,3.08881,3.20168,3.31218,,,,,,,
