target,arm,z,sn,seed,n_pix,n_bands,spec_chi2_stored,spec_chi2_raw3,phot_chi2,lnZ,lnZ_err,ess,passed,calls,wall_s,logmass_q50,logmass_hw,Z_q50,Z_hw,afe_q50,afe_hw,tau_dust_q50,tau_dust_hw,age_q50,age_hw,f_calib_q50,f_calib_hw,scaling_q50,scaling_hw,t50_q50,t50_hw,dust_index_q50,dust_index_hw,fcalib_max,emission_lines,mask_rest_windows,phot_drop,free_dust_index,sfh_prior
M12_185653,dust_free,0.6776310205459595,21.5,20260923,3577,12,3973.9344972165627,7131.318332494419,4.637647227119583,233877.08781701754,0.21773653106002686,3467.891563676279,True,5901814,383.7821731772274,11.125020116476861,0.0432407635061578,-2.1681800237507214,0.08732574037007756,0.20667996487090365,0.03788921259586091,0.3123138174002633,0.045433054400921186,4.8004699204687284,0.42021508786715733,6.311907471572365,0.12839017060277413,0.9953732735886582,0.02003707307668212,4.839973622273685,0.49487012447945666,0.29579088562159367,0.10527573853740112,0.1,"3726.0,3728.8,4861.3,4958.9,5006.8",,,True,uniform
M12_185653,dust_wide,0.6776310205459595,21.5,20260923,3577,12,3975.3345803983243,7131.365604812587,4.198240111019978,233874.90701151593,0.24173450143541847,3623.856858844553,True,5969199,392.75980463344604,11.134789060527133,0.035568609895202385,-2.1694286625082357,0.06812151584904136,0.21989734086045287,0.03431696362862598,0.31310829310676286,0.04857190529535024,4.939234355295119,0.3750818633834676,6.309296709056858,0.13025413147329568,0.9971589380991012,0.019905696697982644,5.132779675384322,0.48253375478250904,0.30157321158518197,0.16772103471565633,0.1,"3726.0,3728.8,4861.3,4958.9,5006.8",,,True,student
M12_185653,emis_wide,0.6776310205459595,21.5,20260923,3280,12,3596.319625951879,6364.883043599464,7.669818774221902,214478.25024794033,0.1607499021812001,3554.377229371366,True,6322650,270.71147997956723,11.034367525841226,0.0856354515798623,-2.037293629721499,0.11154560047528128,0.17273443022256346,0.050968678773598536,0.20718580299495043,0.0320714476556008,4.283451941706291,1.0012468874190539,6.087928994939361,0.12554245654605012,0.9885338636060557,0.025690876445058797,4.242128758951118,1.023702048951953,,,0.1,"3726.0,3728.8,3869.0,3970.1,4101.7,4340.5,4861.3,4958.9,5006.8",,,False,uniform
M12_185653,floor20,0.6776310205459595,21.5,20260923,3577,12,3990.9876275356046,7131.246259548003,11.032989263531789,233869.8202466799,0.27025649307605276,3869.091732319375,True,6370041,279.33339958731085,11.102462379923406,0.04848025341256523,-2.1766326925991706,0.09842896776684018,0.2302046443021316,0.037650951271866656,0.1676562696361415,0.03127672280932768,5.002033966543495,0.42688356157565677,6.2778178901209305,0.12417191209697709,0.9767034175507584,0.02366508275760587,5.055746152164376,0.4876558034342837,,,0.2,"3726.0,3728.8,4861.3,4958.9,5006.8",,,False,uniform
M12_185653,mask_cn,0.6776310205459595,21.5,20260923,3243,12,3636.795871112704,6412.280803646202,9.891695779926263,212051.75275797382,0.2829054129527259,3614.87332241274,True,6217035,272.19469770230353,11.121279894500741,0.029675623873952617,-2.1717944350229015,0.055031881749637135,0.22743604209643287,0.030521702014600346,0.17395475182480813,0.02936698372256623,5.176352631074879,0.3295019176922609,6.212687811302649,0.12701426671879634,0.9868748885538526,0.023537578342384846,5.2083860512798745,0.4121945621935641,,,0.1,"3726.0,3728.8,4861.3,4958.9,5006.8","4142.0:4177.0,4634.0:4720.0",,False,uniform
M12_185653,new_default,0.6776310205459595,21.5,20260923,3577,12,3971.02239737531,7132.439675172285,4.385686034174376,233875.3733813136,0.1962043355500298,3423.437540055448,True,5762196,382.2598093273118,11.135733625345939,0.03645582427611771,-2.171485136738471,0.07172408808324193,0.21265670473146264,0.03486451667982923,0.3057609478990779,0.04665109182059779,5.002553238035603,0.33711352978048525,6.309395456425066,0.1257525531435797,0.997613966317105,0.022992128665473344,5.2282564313170745,0.45763292460310145,0.2574178146424565,0.1364766292204239,0.1,"3726.0,3728.8,4861.3,4958.9,5006.8",,,True,student
M12_185653,no_irac,0.6776310205459595,21.5,20260923,3577,10,3969.0955755817386,7132.4301669545985,11.454427176553846,233833.29166802866,0.2125098457665844,3597.040853519051,True,5841354,259.4170974250883,11.069783410877953,0.03573919127041503,-2.18342318423453,0.07201003605072365,0.22158530859900108,0.03719409644141465,0.1241228238732838,0.03313793767362991,4.968123872374729,0.32116126815201707,6.317165104184557,0.12628308368045005,0.9779293061920827,0.02091434253602542,4.977541165713248,0.35811834995629255,,,0.1,"3726.0,3728.8,4861.3,4958.9,5006.8",,"spitzer_irac_ch1,spitzer_irac_ch2",False,uniform
M12_185653,poly3_total,0.6776310205459595,21.5,20260923,3577,12,3968.989243867257,7133.733068386708,11.112189986939814,233871.32484720365,0.2611125135923976,3448.425601404076,True,981500,306.4762258916162,11.100473969475106,0.03469868736242887,-2.1809257106540816,0.07935060201943922,0.22825769126732556,0.03261768953107343,0.17171141472104495,0.029013996854259844,5.017060957077964,0.37046651832292454,6.316725807299052,0.12624781010875052,0.9800314633714657,0.024156740318829584,5.05572166747319,0.454289384805282,,,,,,,,
M12_185653,sfh_cont,0.6776310205459595,21.5,20260923,3577,12,3973.5748108978783,7136.580165728824,10.073788449640306,233870.05753234742,0.2313302771071786,3382.7048018225278,True,5738817,262.35253223218024,11.083441341946303,0.04251334202742019,-2.132031998860429,0.07430346144659161,0.2230480541866438,0.035044110541670837,0.1775086467115019,0.027902002023984337,4.885546110618387,0.41976998909460495,6.308484433291188,0.13509943433048655,0.9822529726127353,0.021057387150575813,5.119723461799545,0.5401994774110643,,,0.1,"3726.0,3728.8,4861.3,4958.9,5006.8",,,False,student
M12_185653,tau_cn,0.6776310205459595,21.5,20260923,3577,12,3966.3484006242684,7134.537122768144,4.064494089696098,233875.47236284328,0.12645953562251983,3547.786118047787,True,5665701,378.9082172829658,11.11999463215561,0.03270111409538856,-2.1503628811018403,0.06399789491635133,0.20644981084436786,0.03291223266400169,0.3067936835906038,0.04836382881430332,4.824065533814702,0.3444266205380906,6.314781640994517,0.1370314759706619,0.999289889472808,0.02110834628277014,5.00670391928036,0.4499629895897268,0.23857149662285243,0.14976649944070905,0.1,"3726.0,3728.8,4861.3,4958.9,5006.8",,,True,student
M12_98104,dust_free,0.9814170002937317,6.599999904632568,20261007,3804,12,5920.175072006068,8250.23485451665,4.11140970411036,249684.40628806586,0.3191376090023204,3358.8555133329787,True,5354494,369.91593784373254,11.305946421809878,0.030697370158060622,-2.5632344996608105,0.06816199283488622,0.1252461412189472,0.05254362893520044,0.5331196929329045,0.06651431558447762,4.437868128588159,0.11750724045275396,9.985302168313467,0.018837596427256464,0.954847745343878,0.024963699405355644,4.457368420345519,0.11949964161374727,-0.00026862521564128503,0.16192821394803414,0.1,"3726.0,3728.8,4861.3,4958.9,5006.8",,,True,uniform
M12_98104,dust_wide,0.9814170002937317,6.599999904632568,20261007,3804,12,5920.584756598727,8249.535407854291,4.408221661897822,249681.2839291276,0.2020931184920233,3648.342503495129,True,5902464,397.731870255433,11.30290400373529,0.03745899278416065,-2.5603925504043703,0.08411340526160549,0.12714749573079737,0.049293477152364186,0.5153926761662069,0.08218115842029936,4.569429842279455,0.1863677247394726,9.983495900583375,0.018719059076024003,0.9590894607366527,0.027019096515033036,4.719643224245074,0.266496794629417,-0.07359209563852945,0.20354158236049946,0.1,"3726.0,3728.8,4861.3,4958.9,5006.8",,,True,student
M12_98104,emis_wide,0.9814170002937317,6.599999904632568,20261007,3323,12,5376.320707908235,7396.193558385011,8.325581152656323,218119.20614279393,0.2733018909358751,3694.850888520017,True,5834105,263.11403001099825,11.234167860004302,0.07371976592833374,-2.419074214931346,0.10321388988173674,0.2210150494656788,0.07890946051423167,0.33013190596580794,0.0373638357865094,4.349906382334245,0.7701458553078413,9.976815266953647,0.029255111929699318,0.954532205093936,0.03283799999980136,4.420506804938061,0.9853437681734112,,,0.1,"3726.0,3728.8,3869.0,3970.1,4101.7,4340.5,4861.3,4958.9,5006.8",,,False,uniform
M12_98104,floor20,0.9814170002937317,6.599999904632568,20261007,3804,12,4597.192560359082,8242.109360219285,12.144340363412221,249767.84929026142,0.22295624791471855,3671.109003174827,True,5465195,253.4718940462917,11.24766423645131,0.022351123590437005,-2.4830694103911686,0.07102310809422896,0.13859480943319,0.05587470699305032,0.33661920547450186,0.03628877817668444,4.444704928812906,0.21180085384376612,14.591456133354463,0.3779876120039436,0.951147415505519,0.03261134258969789,4.463821067163886,0.3531034640062365,,,0.2,"3726.0,3728.8,4861.3,4958.9,5006.8",,,False,uniform
M12_98104,mask_cn,0.9814170002937317,6.599999904632568,20261007,3688,12,5816.427002975368,8053.587566202663,9.46184866652644,242055.97753684968,0.26597807151796177,3975.7405702772203,True,5984577,273.00567686278373,11.238877652637516,0.03633890569514708,-2.469124936885093,0.09055188611963305,0.1443973986320883,0.04869472689410501,0.35729075932159293,0.031031295537782583,4.353385259386259,0.31097850763624413,9.985497572639279,0.019368301313825498,0.9690820192374059,0.027608015605073533,4.415159571405525,0.34267542889039326,,,0.1,"3726.0,3728.8,4861.3,4958.9,5006.8","4142.0:4177.0,4634.0:4720.0",,False,uniform
M12_98104,new_default,0.9814170002937317,6.599999904632568,20261007,3804,12,5920.671336268662,8247.559598046899,4.3183699800101305,249681.77344623196,0.17479095278399764,3686.1924317516773,True,5885308,391.27494063973427,11.293470430736495,0.03660992240266747,-2.534663252286655,0.08327582817546886,0.1376827284175262,0.04944390300028476,0.49444090427409315,0.07258187711078751,4.511785314982433,0.22087503147804322,9.981915661207491,0.02141060144508966,0.9582037686545769,0.028369640749523584,4.667430540682277,0.31295040160969956,-0.08891306104339958,0.1961683073930364,0.1,"3726.0,3728.8,4861.3,4958.9,5006.8",,,True,student
M12_98104,no_irac,0.9814170002937317,6.599999904632568,20261007,3804,10,5920.199147199875,8247.456282758587,5.246498198044669,249643.7813582728,0.2127833282998139,3593.640821643572,True,5482112,259.2688331818208,11.21027358235529,0.02301742737817758,-2.5357501882756113,0.06856590284440744,0.11848699283980821,0.0456131669320564,0.28406619445436676,0.03416467004291843,4.426732406313826,0.11512515312630534,9.978974972699966,0.025704854004720445,0.9404115891357776,0.027466345741310683,4.4546343909379695,0.13886697849621088,,,0.1,"3726.0,3728.8,4861.3,4958.9,5006.8",,"spitzer_irac_ch1,spitzer_irac_ch2",False,uniform
M12_98104,poly3_total,0.9814170002937317,6.599999904632568,20261007,3804,12,5917.863306540227,8241.728485328083,10.089553467793827,249681.23165207586,0.18853194441269666,4033.206449993014,True,1020500,307.66967546986416,11.24842597909763,0.026383239511360124,-2.4735868262355423,0.07453788481436852,0.1395094770247161,0.054616308606191176,0.36251731516684094,0.03540081111300383,4.403359607650275,0.2666274287466961,9.977882746658953,0.024186968949860166,0.9703163829063787,0.027351947340908234,4.442128506696827,0.4200785914030791,,,,,,,,
M12_98104,sfh_cont,0.9814170002937317,6.599999904632568,20261007,3804,12,5917.792952591963,8244.310531886025,9.544263494386637,249680.48538803204,0.1904014738042666,3546.939738259682,True,5538729,260.9502135012299,11.251813272812381,0.029476146646236323,-2.4559612863663096,0.07668189403000625,0.15007310597287826,0.051186584041646076,0.36764354686763145,0.031080773709743714,4.516054190738646,0.2533015493372863,9.984279102039578,0.018630908071096464,0.9747747669438855,0.030179466960669254,4.682269171701856,0.3751133186251052,,,0.1,"3726.0,3728.8,4861.3,4958.9,5006.8",,,False,student
M12_98104,tau_cn,0.9814170002937317,6.599999904632568,20261007,3804,12,5919.650547756941,8247.085659044122,4.59067218427454,249681.93999459528,0.24890868535921812,3617.770575333743,True,5622332,380.6656122934073,11.290310447792672,0.035066148178735546,-2.52280460111164,0.09019036219219534,0.13357954080092116,0.0484332051939238,0.4920183571490839,0.071568412076705,4.515506275636991,0.2431600885215599,9.981008085933112,0.021622154642717994,0.9594780422267724,0.027160481725325925,4.6884904581675,0.3661578658631237,-0.11046680673568213,0.20494308821809848,0.1,"3726.0,3728.8,4861.3,4958.9,5006.8",,,True,student
M1_206545,dust_free,0.7282999753952026,31.399999618530273,20260877,3422,12,4330.21191783157,5200.379935860968,47.938052851977915,222950.0371478338,0.3013447432356679,3699.5545686073724,True,7330194,511.10364825464785,11.621392368201576,0.009503224359572293,-1.8030258868968816,0.02115353050797142,-0.18899218718141036,0.008900352487187596,0.3847672563297475,0.017034974572540745,5.064842781700177,0.018464174066251893,3.881903107211703,0.09526310344477129,1.136888647886771,0.02460890891862999,5.072166887137424,0.032511734121963176,-0.9876527829436283,0.014013946194181948,0.1,"3726.0,3728.8,4861.3,4958.9,5006.8",,,True,uniform
M1_206545,dust_wide,0.7282999753952026,31.399999618530273,20260877,3422,12,4354.567608952903,5169.115580992441,37.549801086712556,222967.0021147963,0.2697622613875054,4240.169850197986,True,7900873,547.0054504778236,11.591161864192625,0.011297796112956782,-1.7026704530254606,0.02583798983572938,-0.17313993664122226,0.012357843142733305,0.20078692441540902,0.016765781723480658,5.197591618619689,0.07973742517202886,3.829810980735418,0.09876845906975373,1.042833127098294,0.022987592373335253,5.302295188614499,0.12046873998492247,-1.8962343119248575,0.0957787152061822,0.1,"3726.0,3728.8,4861.3,4958.9,5006.8",,,True,student
M1_206545,emis_wide,0.7282999753952026,31.399999618530273,20260877,2953,12,3714.39007206725,4308.2860241639655,27.015945650958884,192407.46348295137,0.2369185349379488,3737.595487649197,True,6852014,322.2933730920777,11.609004789182272,0.016413852399908002,-1.891160936795207,0.030807599157906207,-0.19687334762862113,0.0032997874823383483,0.3647266110083335,0.0239014108789663,4.995222916650574,0.11737003814583336,3.68580185024513,0.12152684042715367,1.0686773174132744,0.025855859375139012,5.00698967523952,0.11732665243624574,,,0.1,"3726.0,3728.8,3869.0,3970.1,4101.7,4340.5,4861.3,4958.9,5006.8",,,False,uniform
M1_206545,floor20,0.7282999753952026,31.399999618530273,20260877,3422,12,4303.323588991452,5232.495204708236,63.94315661482246,222935.95536411746,0.33813714724014804,3432.214498094733,True,6546812,319.814339466393,11.636313353930134,0.009859863730571128,-1.850247979064698,0.023457242428969516,-0.19384633289692202,0.0064229735384462305,0.45782284012116353,0.021124871013946916,5.0653663622699305,0.01386122846565474,3.9461457513341216,0.100959739951336,1.1632679562993322,0.028635094641602854,5.070689867484774,0.023367551886743332,,,0.2,"3726.0,3728.8,4861.3,4958.9,5006.8",,,False,uniform
M1_206545,mask_cn,0.7282999753952026,31.399999618530273,20260877,3073,12,3902.3752788474912,4880.010227302819,35.89993664363392,200183.7378355051,0.32289437060205195,3382.047718801754,True,6461183,313.04900256264955,11.623466726913025,0.010540357264302358,-1.933953069395609,0.023615330575337934,-0.17998056618587854,0.011050848282000189,0.40827678986267824,0.023637534190082382,5.070178921268118,0.029155463038009977,4.139629241891894,0.13085417782946984,1.1003212740482857,0.027482968660680895,5.079636435450713,0.05340456542077554,,,0.1,"3726.0,3728.8,4861.3,4958.9,5006.8","4142.0:4177.0,4634.0:4720.0",,False,uniform
M1_206545,new_default,0.7282999753952026,31.399999618530273,20260877,3422,12,4332.358283296322,5203.055383294152,48.789342859300106,222942.81940116023,0.38066882485046927,4507.400504685905,True,8028608,563.9828723827377,11.62986493238565,0.011650398680382423,-1.806922404733993,0.022647461317697903,-0.18922228458784712,0.007950114499325048,0.389568047221295,0.0161990131585944,5.163222986935489,0.09268803093643774,3.8797510945445244,0.09982195609293187,1.1390536055368239,0.024699101335744378,5.2440288648411535,0.14613691446160226,-0.9871278288768465,0.015788849202356403,0.1,"3726.0,3728.8,4861.3,4958.9,5006.8",,,True,student
M1_206545,no_irac,0.7282999753952026,31.399999618530273,20260877,3422,10,4343.5785741060035,5200.104332494372,53.02379285686759,222907.43452820615,0.2469678245372612,3398.8307324792577,True,6471595,314.5735075548291,11.68213395874673,0.01335275953795012,-1.8062937422134842,0.021952557937272688,-0.19038267092336547,0.008092226091210075,0.5236812526571444,0.02516528663938175,5.064905353562937,0.016207052296714597,3.8758910223472594,0.11401690394078456,1.1683143471636892,0.026013147835791228,5.070765823976302,0.028872342129895756,,,0.1,"3726.0,3728.8,4861.3,4958.9,5006.8",,"spitzer_irac_ch1,spitzer_irac_ch2",False,uniform
M1_206545,poly3_total,0.7282999753952026,31.399999618530273,20260877,3422,12,4302.297073144692,5230.930693301957,64.63851193571105,222935.2292907058,0.22050999962631557,3548.4584069101224,True,1254500,371.4692131220363,11.637602282728874,0.009219682937620988,-1.8513931588842134,0.022731620291620125,-0.19326619827093727,0.005927738740977212,0.4571688733172671,0.02129749843703682,5.064945813679464,0.014539541936547717,3.9484314168913004,0.1038052736473225,1.1618166532533682,0.030878002422987882,5.07147280043054,0.02465681596363911,,,,,,,,
M1_206545,sfh_cont,0.7282999753952026,31.399999618530273,20260877,3422,12,4308.062266253941,5233.666376470581,63.01825475204761,222928.4650744713,0.22185219493488145,4103.141816255326,True,7387988,363.6524953423068,11.643095891133763,0.01145663262041463,-1.8572392098382244,0.023196492269518587,-0.1931007153369936,0.006969383649983424,0.45918222737965375,0.020742903971988136,5.166766626657646,0.08786651923915256,3.929379393148822,0.09851005970714954,1.163884760377905,0.027199286692015323,5.246986573298836,0.13869539136932563,,,0.1,"3726.0,3728.8,4861.3,4958.9,5006.8",,,False,student
M1_206545,tau_cn,0.7282999753952026,31.399999618530273,20260877,3422,12,4331.96272406463,5202.296654505985,48.79879834380531,222942.7247274751,0.20942662741156445,4404.057132952993,True,8105882,565.8071778472513,11.629222128311842,0.011244397919601745,-1.8102205958220317,0.020541803495384925,-0.18776410556584178,0.008465967885975756,0.38762622254834955,0.015855939571725847,5.188566422750971,0.09217955199400896,3.87554818841267,0.11966924655514588,1.1393589355421518,0.023179297060528903,5.282942533818201,0.13880254782748525,-0.9869825197418449,0.015260530416464413,0.1,"3726.0,3728.8,4861.3,4958.9,5006.8",,,True,student
M4_108989,dust_free,0.8277999758720398,21.299999237060547,20260924,3735,12,4223.9647397387,5602.917636656036,12.429057927271428,243351.03706042375,0.2950619369221855,3936.3659312107056,True,6593821,436.2342199534178,11.831067184896213,0.022189277432092425,-1.9069116589627642,0.029320923897340756,-0.1927739824316208,0.006823329220531887,0.3370532221752856,0.06583478251219851,4.5940699498083655,0.10033512434355663,4.446019915237912,0.10633394186886003,0.8092514732646611,0.02322151445152265,4.628403625841623,0.10184992921700431,0.020531413284183477,0.33770968422448533,0.1,"3726.0,3728.8,4861.3,4958.9,5006.8",,,True,uniform
M4_108989,dust_wide,0.8277999758720398,21.299999237060547,20260924,3735,12,4301.250769856291,5485.386532636537,23.644413729319925,243375.1578824488,0.371503323977501,4209.488295558062,True,8569183,563.0616472316906,11.741726481453801,0.02305037440315605,-1.5049544501473937,0.050537056060490415,-0.1561070690437648,0.01412111893347294,0.16527514989252806,0.012079296738052053,3.9565312652846227,0.2703832567240929,4.23363710805576,0.10848281708429663,0.8682762114105256,0.01737390744846834,4.012734335867371,0.29417814007680576,-1.9384585966507157,0.06593976516244349,0.1,"3726.0,3728.8,4861.3,4958.9,5006.8",,,True,student
M4_108989,emis_wide,0.8277999758720398,21.299999237060547,20260924,3247,12,3749.9007652631326,4935.524697660725,13.402878600508677,211485.23423092545,0.24615109820828007,3479.9060749764926,True,6438695,295.33477788511664,11.67208479095584,0.013535157522530206,-1.6614394126584036,0.02157094328902931,-0.1921781882802961,0.007185705442037074,0.24799195623012735,0.02604492948132872,3.031674617300064,0.08926984707449925,4.374772650626357,0.1156983849688138,0.8138754790348247,0.02188621620691672,3.0293438557056094,0.09064631003948165,,,0.1,"3726.0,3728.8,3869.0,3970.1,4101.7,4340.5,4861.3,4958.9,5006.8",,,False,uniform
M4_108989,floor20,0.8277999758720398,21.299999237060547,20260924,3735,12,4255.940033998115,5602.872398344807,12.266735831792303,243349.49170489976,0.33200391288047737,3739.4843690779016,True,7048612,319.1711324509233,11.814533203892042,0.015621409943276099,-1.886060248670667,0.02650585483654533,-0.1897595306796067,0.008458395831046892,0.2519690306480575,0.02804288260970593,4.641295407621559,0.09976336390565477,4.396096647392007,0.10761336439951963,0.8234984844507582,0.02161377808641496,4.662770987605426,0.10106847834064103,,,0.2,"3726.0,3728.8,4861.3,4958.9,5006.8",,,False,uniform
M4_108989,mask_cn,0.8277999758720398,21.299999237060547,20260924,3439,12,3970.3134416370012,5008.429383145716,11.24545296941003,224221.79769828997,0.17654601692039942,3345.2960376890883,True,6375998,290.478034267202,11.822417588064106,0.014458404359307231,-1.9456124385930207,0.02402378927741111,-0.17916550056680997,0.012110639086872724,0.24840092274706518,0.024551182706348984,4.796036505352756,0.06742749335523213,4.25143505142817,0.12150051651173133,0.8158856610786369,0.020477221036587834,4.806664491382318,0.09606108678156788,,,0.1,"3726.0,3728.8,4861.3,4958.9,5006.8","4142.0:4177.0,4634.0:4720.0",,False,uniform
M4_108989,new_default,0.8277999758720398,21.299999237060547,20260924,3735,12,4214.658825062609,5606.937620959221,12.905607773271614,243347.1175457639,0.24103590965981841,4158.56779785,True,6969374,461.6116659520194,11.83968783670846,0.02204927897215292,-1.9035958310587784,0.03255360987724665,-0.19169503045129102,0.008318613457700338,0.34751396820226754,0.060496602586334214,4.702966209542592,0.12486949175995177,4.457592813141865,0.10391436293481648,0.8052930281962787,0.01985532998548656,4.877903988403535,0.19297753803181372,0.10659657157002465,0.28665238209488275,0.1,"3726.0,3728.8,4861.3,4958.9,5006.8",,,True,student
M4_108989,new_default_rep1,0.8277999758720398,21.299999237060547,20261924,3735,12,4219.354735305941,5603.459452291394,12.833960212561365,243347.348656051,0.3176750069140376,4336.4631095703735,True,6865797,459.11432518437505,11.834760584779184,0.020820397030147042,-1.9039921695894546,0.027097726185364324,-0.19151447832145424,0.0070851728385537965,0.3447645619333056,0.057104021215871575,4.665573612564028,0.11606636683617966,4.443265614090448,0.11542415250148252,0.8053871682549244,0.019951699579283222,4.782035989924864,0.18100798834398457,0.09455047373291711,0.2581837167988562,0.1,"3726.0,3728.8,4861.3,4958.9,5006.8",,,True,student
M4_108989,new_default_rep2,0.8277999758720398,21.299999237060547,20262924,3735,12,4218.66803073409,5605.249361725005,13.25376874331079,243348.57968455908,0.23242147337444172,4153.580503872307,True,6933767,452.5666284719482,11.835857950398896,0.02056293070538029,-1.9026797130339002,0.025401067577602188,-0.19047988605385308,0.007416173044844432,0.3485444296596162,0.06055175797257126,4.660998318718219,0.11761521062931868,4.461827626084867,0.10373403693254302,0.8026966314406934,0.018966714882115376,4.784058480907773,0.19428071377278888,0.1281218913892867,0.25757823332579455,0.1,"3726.0,3728.8,4861.3,4958.9,5006.8",,,True,student
M4_108989,no_irac,0.8277999758720398,21.299999237060547,20260924,3735,10,4270.028057264678,5601.739976612833,13.342216563714098,243312.65042047645,0.24844310368516515,3609.7804089713154,True,6759285,306.03500044811517,11.80510206439672,0.021583126841713707,-1.8792966017601207,0.03467598790006132,-0.18914999384115286,0.00878263959402538,0.24619332074497013,0.03876777656564803,4.593484143445968,0.10410405992105032,4.394143460760725,0.10661939469166004,0.8229770216218089,0.02187083290275149,4.622556764122995,0.10562539906644686,,,0.1,"3726.0,3728.8,4861.3,4958.9,5006.8",,"spitzer_irac_ch1,spitzer_irac_ch2",False,uniform
M4_108989,poly3_total,0.8277999758720398,21.299999237060547,20260924,3735,12,4263.884819292674,5601.535036127685,12.848910470817662,243350.27440873886,0.3141965732330557,3812.7493563721246,True,1196000,354.68694001901895,11.810962892708234,0.01554065330028287,-1.8777489770567084,0.02940646994437013,-0.18982788658959052,0.010404351293834227,0.25291412125202506,0.027823874939279722,4.610027398704806,0.11556687472838201,4.387228223507806,0.11204203672216417,0.8229659261009723,0.02453686708977043,4.635231308108844,0.11155364946578494,,,,,,,,
M4_108989,seed_rep1,0.8277999758720398,21.299999237060547,20261924,3735,12,4261.699392914336,5603.408265086715,11.986358626418443,243350.56354462344,0.2962160854407404,3510.136100645829,True,6733377,307.03828578442335,11.808662788896005,0.01594183647421943,-1.8761483407967496,0.02727547335568714,-0.1897943454759236,0.008321190662561054,0.2523741336614118,0.025774228426825654,4.605835396404316,0.1111703440919869,4.4074138177291395,0.09471516828806648,0.8251306539464837,0.021847601815723205,4.633850370385824,0.11520924562790302,,,0.1,"3726.0,3728.8,4861.3,4958.9,5006.8",,,False,uniform
M4_108989,seed_rep2,0.8277999758720398,21.299999237060547,20262924,3735,12,4251.623672581016,5602.309594545153,12.243973780785034,243350.49506834595,0.353299222306705,3559.377111761557,True,6953532,312.06232079304755,11.811597679692218,0.014574279514839361,-1.874196779299302,0.02597601963906293,-0.18919618792955778,0.009324080146316832,0.25322867891901535,0.023918412142064333,4.617154669099681,0.08824334786894061,4.402077363748756,0.10696112064339625,0.823131826039736,0.021366338675152585,4.641819372717164,0.08401608134552108,,,0.1,"3726.0,3728.8,4861.3,4958.9,5006.8",,,False,uniform
M4_108989,seed_rep3,0.8277999758720398,21.299999237060547,20263924,3735,12,4261.816424080104,5605.087698668721,12.064191593329216,243350.1980779809,0.23650012788297453,3655.676565531956,True,6983626,314.3871558662504,11.809217164488292,0.015433803338916086,-1.8776084683496976,0.02427638381955799,-0.1886341529659779,0.008580012039922383,0.24598353685160224,0.02673944475715967,4.616277191759192,0.10986139848436993,4.38583077670238,0.12345437457116404,0.8233669694936134,0.02295847909175336,4.644780235683437,0.11153805622320201,,,0.1,"3726.0,3728.8,4861.3,4958.9,5006.8",,,False,uniform
M4_108989,sfh_cont,0.8277999758720398,21.299999237060547,20260924,3735,12,4250.541073184974,5611.411561620861,12.551810188003884,243346.12882940343,0.3062691511830693,4222.446758100945,True,6925375,321.8796177348122,11.816510635935217,0.016327675786903306,-1.8810163083425278,0.02875759807416922,-0.18803114865218634,0.009055218540339013,0.24180200265857987,0.026611927366386318,4.751263628200846,0.12546369069908314,4.419574476811627,0.11425237959138324,0.8171377953344641,0.021961761300478277,4.892565343856794,0.18686707273463865,,,0.1,"3726.0,3728.8,4861.3,4958.9,5006.8",,,False,student
M4_108989,tau_cn,0.8277999758720398,21.299999237060547,20260924,3735,12,4222.337957752888,5608.726855400924,13.116428498262405,243347.59669679267,0.2840982077211384,4166.8242815259055,True,6863047,454.0514736417681,11.83819402953436,0.019732695950494872,-1.9049065776152987,0.02976389928233647,-0.1911891497953589,0.0073949683253680815,0.3506862781792145,0.05639695379038073,4.6975210107475345,0.1210453617309617,4.452626632207966,0.11414064673474744,0.8034452415276938,0.01872807467255111,4.854490900809203,0.19657570544939018,0.10930713320271253,0.26811635023619845,0.1,"3726.0,3728.8,4861.3,4958.9,5006.8",,,True,student
M5_172669,dust_free,0.6036999821662903,105.0,20260830,3602,12,4139.987982538381,3427.9934339850015,61.84525520592917,233025.10144988992,0.15550541984948646,3659.665332997204,True,9019223,543.2256061732769,11.308165113227691,0.011906734176250211,-1.5713310134428273,0.02640748407474114,-0.054113003345435784,0.013626437931139709,0.47754834196467827,0.016723885626106716,1.8475847069020939,0.09893159002009977,2.671191759094995,0.032114511306115645,1.2223341569412498,0.019495381645005416,1.7734528821741873,0.06307659598062998,-0.9583608228148486,0.028673892555601044,0.1,"3726.0,3728.8,4861.3,4958.9,5006.8",,,True,uniform
M5_172669,dust_wide,0.6036999821662903,105.0,20260830,3602,12,4095.858425637077,3426.5733521093725,45.28399495365615,233022.70694131238,0.17273490786547305,4297.6949139759345,True,8436981,531.9809683766216,11.335094491549167,0.021654317767149323,-1.5722369799917133,0.023259232146647046,-0.06161683727290407,0.015343615973616071,0.40962811958648226,0.03048217413086135,2.518036645187475,0.2783770373690171,2.686466038797204,0.03205776920776193,1.1847861290323258,0.026329744449565817,2.09798474276235,0.175771459722307,-1.1420733963635186,0.08281875185953724,0.1,"3726.0,3728.8,4861.3,4958.9,5006.8",,,True,student
M5_172669,emis_wide,0.6036999821662903,105.0,20260830,3421,12,3929.3769057437735,3365.550610272619,94.40546360777432,221177.69999260615,0.27664800679902746,3895.21103316623,True,8449002,344.3290206110105,11.353089712821944,0.013570033165782647,-1.6002797624622853,0.03291876706845842,-0.06220131290271956,0.013727806619673464,0.5620046102616607,0.02002158553947514,2.0905699102218014,0.17436739017204694,2.721699148716746,0.038353503897342156,1.284058506802714,0.03276895589798634,1.9548975318470356,0.1278702108123222,,,0.1,"3726.0,3728.8,3869.0,3970.1,4101.7,4340.5,4861.3,4958.9,5006.8",,,False,uniform
M5_172669,floor20,0.6036999821662903,105.0,20260830,3602,12,4120.335835215608,3431.683000835478,97.38391106037253,233013.9197750658,0.3121603974662788,3501.077628498409,True,8862386,363.6982406824827,11.330101646464655,0.011930757635060019,-1.5823038856537683,0.024382523967299563,-0.058603050074686164,0.015356865883003216,0.5722011156812055,0.016660310291078506,1.8682658024232448,0.10979581484606094,2.679715497883816,0.03644534404170896,1.3061902535190864,0.02359921372774587,1.7875618907007358,0.07950838310458919,,,0.2,"3726.0,3728.8,4861.3,4958.9,5006.8",,,False,uniform
M5_172669,mask_cn,0.6036999821662903,105.0,20260830,3278,12,3771.621033043767,3303.1526370054,89.30067937451521,211927.4525035756,0.27664051942434525,3395.6843831573574,True,8225822,348.93109270744026,11.325558562709107,0.013668171080125191,-1.6060790966175416,0.02760468805410221,0.007401704011313782,0.023290687315031783,0.5477759358412048,0.023068184006596715,1.7990901177142056,0.14361074794154094,2.7623999285251726,0.04084638693527798,1.282535647959042,0.026851651917731312,1.7270832791933461,0.0681633342674548,,,0.1,"3726.0,3728.8,4861.3,4958.9,5006.8","4142.0:4177.0,4634.0:4720.0",,False,uniform
M5_172669,mock_tilt4_poly3,0.6036999821662903,105.0,20260830,3602,12,1815.6521578581942,421.01776580669014,3.9659617362752684,236493.62968289675,0.22477543484809537,3193.89126628808,True,1254500,399.66445963596925,11.126403827343804,0.012216337027065372,-1.729609265579259,0.010131273451488898,0.13591578225916326,0.00808786239775379,0.022788474258451083,0.01624853727555533,1.7176604451715933,0.09531065473388256,1.0006236793810623,0.0008704816842270979,1.2317973410013483,0.01923685069450498,1.6845145671183395,0.04454437199546113,,,,,,,,
M5_172669,mock_tilt4_sfh_cont,0.6036999821662903,105.0,20260830,3602,12,1815.043133765224,420.9606016916796,4.241295833189309,236485.82391463415,0.30993629261151523,3545.7744765808143,True,9878398,420.50291353743523,11.133020721626547,0.012417350899121438,-1.7328630946275352,0.010906482620142488,0.13135174126006627,0.008889434110665125,0.04269916479821578,0.020501665342732178,1.804479191657631,0.08122326146255521,1.0008758207179835,0.0009934347305909919,1.2448872099761368,0.02084579335033976,1.722831040680525,0.04096887406223604,,,0.1,"3726.0,3728.8,4861.3,4958.9,5006.8",,,False,student
M5_172669,new_default,0.6036999821662903,105.0,20260830,3602,12,4137.239199215507,3426.134139784635,60.43119804038379,233022.71814413834,0.2854191930837098,4266.5912007281895,True,8534722,528.0442609805614,11.34282234652434,0.020919744338353752,-1.5706321019073735,0.023500832057520404,-0.05811087499584401,0.01534941340891139,0.46964254929028737,0.016109819754536153,2.484475378469052,0.27590264239299245,2.666610009547603,0.033045003579494026,1.2322709428967928,0.020549773389741288,2.0587488846180984,0.14990337907177176,-0.9747172693739008,0.026133663412381547,0.1,"3726.0,3728.8,4861.3,4958.9,5006.8",,,True,student
M5_172669,new_default_rep1,0.6036999821662903,105.0,20261830,3602,12,4133.6568447528025,3427.215412526694,59.06490837084045,233019.64381403592,0.35253357362490895,4262.31280960796,True,8784897,552.5109615819529,11.348801902348033,0.018289470032967436,-1.5703510404658478,0.023310862604990712,-0.061678986388723336,0.015756631966493215,0.47074425001091447,0.018322398994661787,2.5315058177884406,0.23681619200833737,2.6753937444208553,0.035379758663312666,1.226137761619594,0.020306760286436187,2.1260074723533604,0.14882831803335272,-0.9738091657304725,0.025006905058031714,0.1,"3726.0,3728.8,4861.3,4958.9,5006.8",,,True,student
M5_172669,new_default_rep2,0.6036999821662903,105.0,20262830,3602,12,4122.073681241477,3427.9636487749704,60.93237637541534,233019.5851660275,0.16226066884648263,5032.2693022129715,True,9029416,563.1597434030846,11.346734257972702,0.019617813514194005,-1.583329669930052,0.027118490654954863,-0.060901503100454196,0.015985007530984027,0.46967460805232764,0.016117232042778568,2.488803078479896,0.24344481571946153,2.675833574037427,0.03634713509398613,1.228059539050721,0.021613450321743,2.1061323424848006,0.17618881707956047,-0.9786245990203178,0.023736567719396973,0.1,"3726.0,3728.8,4861.3,4958.9,5006.8",,,True,student
M5_172669,no_irac,0.6036999821662903,105.0,20260830,3602,10,4185.563029945986,3427.9704923948602,97.53068928888335,232991.32905572184,0.18460294089178936,3766.100260376929,True,8880030,360.55999352037907,11.3650412540722,0.027697803919140007,-1.5514291479963407,0.0229104404081506,-0.062462406169862546,0.01341021775790982,0.635484492757477,0.02067025677168799,1.9091305099467732,0.3771711998424033,2.6520829339205854,0.035289566175538356,1.281878092009804,0.01961710942736805,1.7871770667398228,0.16371817741883998,,,0.1,"3726.0,3728.8,4861.3,4958.9,5006.8",,"spitzer_irac_ch1,spitzer_irac_ch2",False,uniform
M5_172669,poly3_total,0.6036999821662903,105.0,20260830,3602,12,4155.578523095639,3429.4249803184966,100.10064818802765,233013.76250415418,0.34171838631125634,3455.4495339844248,True,1228500,404.4830888560973,11.329481485809989,0.01087432222300233,-1.5889643781558052,0.02992674033288123,-0.04950871926475742,0.014147024591641355,0.5768895939861884,0.01919923564516507,1.8455087272161208,0.09942950490765345,2.662188154335152,0.035404941673904844,1.3050942642084478,0.025163652527688596,1.768262664092042,0.06754341288135024,,,,,,,,
M5_172669,seed_rep1,0.6036999821662903,105.0,20261830,3602,12,4117.334459802078,3426.919816637119,100.83403996787521,233013.02824792167,0.19220659899025194,3950.518082594826,True,9130161,369.0936553552747,11.330957560032363,0.014371655145876794,-1.5743935349814815,0.024633974102024392,-0.054098431415981724,0.01088816650640562,0.576539702395219,0.01812393054874395,1.8787936949870407,0.17873796993970426,2.6786785882893938,0.02931030375531729,1.3112421234225922,0.018230639142944094,1.8030509086533346,0.10788255531171731,,,0.1,"3726.0,3728.8,4861.3,4958.9,5006.8",,,False,uniform
M5_172669,seed_rep2,0.6036999821662903,105.0,20262830,3602,12,4129.556408249995,3430.0291488281246,95.83401667982619,233015.74867027535,0.33037734260857005,3254.4248918878934,True,9163137,351.82788836210966,11.334799229168707,0.010049920485479369,-1.5792539534070056,0.028213241203244976,-0.06303942652384772,0.01273199659730765,0.5708133532848972,0.01805393211359274,1.96452086837498,0.13164847872409757,2.676111125376624,0.02736796277815312,1.2977184871381422,0.025919412684065057,1.8423758337276666,0.09270963020903478,,,0.1,"3726.0,3728.8,4861.3,4958.9,5006.8",,,False,uniform
M5_172669,seed_rep3,0.6036999821662903,105.0,20263830,3602,12,4123.863819295747,3429.675414026603,97.68570203274584,233013.60178628392,0.2526463822642963,3371.5233195930223,True,8656873,359.3794704787433,11.330946983811776,0.010977365980155085,-1.5768639933013375,0.025440652740628122,-0.05641109170890787,0.01642169879706046,0.5737376372907739,0.020657320877093266,1.879214755897333,0.14662844324913293,2.674582942567771,0.034721487486073066,1.3066547010074314,0.0196829718535938,1.792998375480106,0.08624710192548146,,,0.1,"3726.0,3728.8,4861.3,4958.9,5006.8",,,False,uniform
M5_172669,sfh_cont,0.6036999821662903,105.0,20260830,3602,12,4164.166288262997,3433.2386932145464,98.74634875783481,233008.98701378406,0.2341295795018154,4412.283401022329,True,8214966,359.3961122855544,11.361674803831914,0.017326630805566623,-1.5943057426972789,0.02714093382415872,-0.06357314088993998,0.015479031495317042,0.5711584583566498,0.019648395518089223,2.34806081621581,0.2366152162445947,2.6617498125762524,0.0362380653001082,1.3057638519764325,0.026801870314981158,2.0457340255659653,0.14499458751805794,,,0.1,"3726.0,3728.8,4861.3,4958.9,5006.8",,,False,student
M5_172669,tau_cn,0.6036999821662903,105.0,20260830,3602,12,4137.78299607378,3426.175147905247,61.150561247903,233021.17479418233,0.25529751427434805,4844.239260422518,True,8619460,542.2834762819111,11.343702540887952,0.019339471446904177,-1.5743469225819937,0.02654628383824731,-0.06008019391466368,0.015155433654923438,0.47048523721599617,0.01676560800444346,2.486827331131223,0.2758685444688924,2.668635274578206,0.036322080710188054,1.2347746552887644,0.019593615187512792,2.084759456081415,0.17625928805892532,-0.9737663359662717,0.028094775051250298,0.1,"3726.0,3728.8,4861.3,4958.9,5006.8",,,True,student
M5_173928,dust_free,0.9589999914169312,13.300000190734863,20260970,3836,12,3708.2004137020876,9953.323727673645,33.36409506186069,250202.09896713606,0.30330566068555753,4209.290716426621,True,7750628,492.36760684102774,11.706424783467806,0.02189409250027996,-2.2234424811001308,0.01886252831661217,-0.12024434120660105,0.026181568744088335,0.4467776458737023,0.018974732710793335,4.766044093271552,0.33383752788485666,8.975252020205719,0.15218918116354896,1.3110900892268944,0.027329498936681684,5.049738951934724,0.42533604878844544,-0.9710338147695552,0.030249759111112773,0.1,"3726.0,3728.8,4861.3,4958.9,5006.8",,,True,uniform
M5_173928,dust_wide,0.9589999914169312,13.300000190734863,20260970,3836,12,3621.05908827542,9962.820279917541,89.13020902856242,250228.32277174818,0.29965441941187176,4689.671709178718,True,8216007,556.3554359795526,11.553899571884942,0.02199822519264938,-1.5135276006720402,0.04482351811829288,-0.16674690489447466,0.02449602196212322,0.29511888950226567,0.02614675761245558,3.2751571817281087,0.2311924494179447,8.994983339569947,0.15691659429504146,1.3134231497626319,0.036457356207177605,3.3293744680045716,0.27037410453255317,-1.7521108410907984,0.1446732125740786,0.1,"3726.0,3728.8,4861.3,4958.9,5006.8",,,True,student
M5_173928,emis_wide,0.9589999914169312,13.300000190734863,20260970,3353,12,3221.3938138658505,9332.053882871647,26.405484965601058,218789.48855439405,0.38013652412863597,3823.5305549768314,True,6604899,294.85117463581264,11.65362332721765,0.038947315131131255,-2.330946682838996,0.05931923508828696,0.030216038481940478,0.04542799644651246,0.507952174205783,0.02390418141965739,4.077090207435502,0.37514439964485957,9.409371085990038,0.15894690308624693,1.2681909622017724,0.03026182638413144,4.190809773646913,0.498444027982502,,,0.1,"3726.0,3728.8,3869.0,3970.1,4101.7,4340.5,4861.3,4958.9,5006.8",,,False,uniform
M5_173928,floor20,0.9589999914169312,13.300000190734863,20260970,3836,12,3707.458594538726,9954.314182675407,47.46135241782352,250191.6091036127,0.33476551263492177,3760.347881050197,True,6991734,312.76494757831097,11.725451677918208,0.023972544556801978,-2.238144811261984,0.02383975528951443,-0.14169367058485433,0.028338805735316067,0.5402450097525642,0.017625357627251037,4.6575919990845005,0.33697080367910726,8.992567631016161,0.15214914472595886,1.357391992040561,0.030457886694248648,4.8034887090905265,0.4272637463246176,,,0.2,"3726.0,3728.8,4861.3,4958.9,5006.8",,,False,uniform
M5_173928,mask_cn,0.9589999914169312,13.300000190734863,20260970,3722,12,3626.994393072435,9839.94794886955,45.31407390503618,242769.1534084291,0.1916241568125914,4712.898998226114,True,7035294,318.9799185246229,11.719921688363463,0.025623341959079227,-2.2516523227460086,0.04387876457422246,-0.13415628464981105,0.03276415820353489,0.5362828036431183,0.021350372051290922,4.5074007005274535,0.3103476599296413,9.096153779600314,0.14530739318066654,1.3486635296041891,0.029693928417749094,4.526969090853398,0.41468908718876474,,,0.1,"3726.0,3728.8,4861.3,4958.9,5006.8","4142.0:4177.0,4634.0:4720.0",,False,uniform
M5_173928,new_default,0.9589999914169312,13.300000190734863,20260970,3836,12,3715.4386824167473,9951.072887845357,35.79305852715654,250197.06027826006,0.2860719094025482,4365.910493792439,True,8520058,534.2907567862421,11.721480420179889,0.025457306110570954,-2.226471727340935,0.029332774284266616,-0.11835207007225704,0.029025862010934177,0.4498857840561493,0.01761343391813855,4.931620794293254,0.37726520974457056,8.97049252706228,0.1440882886765822,1.308788945797275,0.031628134577720624,5.20660048781299,0.2710430609480894,-0.9788301482491125,0.027314886863406718,0.1,"3726.0,3728.8,4861.3,4958.9,5006.8",,,True,student
M5_173928,no_irac,0.9589999914169312,13.300000190734863,20260970,3836,10,3621.595127778622,9985.835152109976,122.56112958993617,250191.6915280753,0.3683257567326747,3521.9472887303773,True,6947901,326.66370919160545,11.690067434595168,0.013764545439729048,-1.4891550709659582,0.02996355287500252,-0.16991614052761467,0.023133933205268645,0.7286652376420331,0.019400339656810872,3.004541182169966,0.05262810106887672,9.009444848046527,0.15285098406225472,1.5436794640578257,0.035126867224682945,3.0086597012018554,0.05934746659202128,,,0.1,"3726.0,3728.8,4861.3,4958.9,5006.8",,"spitzer_irac_ch1,spitzer_irac_ch2",False,uniform
M5_173928,poly3_total,0.9589999914169312,13.300000190734863,20260970,3836,12,3710.210659205431,9965.84850766132,48.1923182935704,250191.49642664279,0.22200934328263935,3523.555776362627,True,1137500,354.2635971447453,11.716238893947974,0.011697759721585044,-2.233390442680137,0.017680310554176737,-0.14128820916626028,0.024238434194752308,0.5411933394541439,0.019303020848714547,4.4989311255209135,0.10534223381816865,9.011326880011909,0.1490673541882277,1.3602590717429761,0.030928868290515554,4.513090341384006,0.22781259009302124,,,,,,,,
M5_173928,sfh_cont,0.9589999914169312,13.300000190734863,20260970,3836,12,3736.681961034508,9961.804721859327,48.65283505097354,250186.26840967778,0.37161879246505247,4160.683208502864,True,7296315,328.653771661222,11.740254469420066,0.024305906732484672,-2.264924264267619,0.04663057803104387,-0.1334551817499383,0.02705323362936409,0.5434776036585542,0.02022279627320106,4.804734221812792,0.3797024509147433,8.945333043751106,0.1492472972456218,1.3542620264824108,0.03018148040244728,5.084280509782195,0.32942061952329693,,,0.1,"3726.0,3728.8,4861.3,4958.9,5006.8",,,False,student
M5_173928,tau_cn,0.9589999914169312,13.300000190734863,20260970,3836,12,3712.229075115083,9954.183397511635,35.29447064197217,250196.46868949954,0.32705781142207263,4439.2524520129155,True,8204334,524.1331270914525,11.71011246190805,0.016765032020756188,-2.224735148563225,0.02284821863230202,-0.131188145351593,0.02794566417213798,0.44423904575690587,0.0161920415469185,4.785185102942309,0.2062760046826293,8.968133873583044,0.13081652688133705,1.3047001435769658,0.02570822352029911,5.062207304260755,0.26353280131653234,-0.980900706173496,0.019800227027971296,0.1,"3726.0,3728.8,4861.3,4958.9,5006.8",,,True,student
