target,arm,n_common,pix_dropped,bands_dropped,dchi2_raw3,dchi2_phot,dlnZ,dlnZ_sig,df_calib,same_data,shift_age,shift_Z,shift_afe,shift_tau_dust,shift_logmass
M12_185653,dust_free,3577,0,0,-2.414735892288263,-6.474542759820231,5.7629698138916865,16.950721989121202,-0.00481833572668755,True,-0.5846440255646529,0.16062495531209423,-0.661534483485281,4.846019780917398,0.7074085179468129
M12_185653,dust_wide,3577,0,0,-2.3674635741208476,-6.913949875919836,3.5821643122762907,10.067053689462089,-0.0074290982421940654,True,-0.2100772888604379,0.1448892365432755,-0.25631338476344734,4.873402278768014,0.9889449330922917
M12_185653,emis_wide,3280,297,0,-1.7171352485911484,-3.4423712127179122,-19393.074599263316,-63246.41415966506,-0.22879681235969151,False,-1.9802302747699545,1.8100944073164789,-1.7022438389410615,1.2226646487933674,-1.9051568995505663
M12_185653,floor20,3577,0,0,-2.4868088387047464,-0.0792007234080252,-1.5046005237381905,-4.00383058932028,-0.03890791717812192,True,-0.04056234447986132,0.05410189646525055,0.05969009647207759,-0.13976513147336603,0.05730506250945767
M12_185653,mask_cn,3243,334,0,-49.55292683533571,-1.2204942070135516,-21819.572089229827,-56676.08350638621,-0.10403799599640351,False,0.4299758982755495,0.11507506431952631,-0.025190293448282036,0.0773191337626346,0.5996170635597046
M12_185653,new_default,3577,0,0,-1.2933932144223945,-6.726503952765438,4.0485341099556535,12.39551779857259,-0.007330350873986369,True,-0.03916067532374345,0.11897293373146639,-0.47829833320966997,4.620167771140836,1.0161668509977027
M12_185653,no_irac,3577,0,2,-1.3029014321091381,3.3235231637073266,-38.033179174992256,-112.97196471652957,0.00043929688550470303,False,-0.13209583668929054,-0.03147390841265171,-0.20456331408660935,-1.6401942513057859,-0.8844875967954804
M12_185653,sfh_cont,3577,0,0,2.8470973421162853,-1.0384015372995083,-1.2673148562316783,-3.6328790472191526,-0.008241374007864621,True,-0.3549979281661823,0.6161731675542249,-0.15971815157903094,0.19980811397950507,-0.49087238807901606
M12_185653,tau_cn,3577,0,0,0.8040543814367993,-7.047695897243716,4.147515639633639,14.295680424233204,-0.0019441663045354218,True,-0.5209524038418882,0.38516191149695467,-0.668590594137034,4.6557621670702725,0.5625764017125576
M12_98104,dust_free,3804,0,0,8.506369188566168,-5.978143763683467,3.174635989998933,8.564686330787188,0.00741942165451448,True,0.12942599754306527,-1.2027128707573287,-0.2611552514215883,4.81916578751485,2.180188778086949
M12_98104,dust_wide,3804,0,0,7.806922526207927,-5.681331805896005,0.05227705172728747,0.1891491623757738,0.005613153924421965,True,0.6228550281184732,-1.164585289547882,-0.2263423070763413,4.318414075637097,2.0648724586759486
M12_98104,emis_wide,3323,481,0,-4.306266426764523,-1.7639723151375044,-31562.025509281928,-95060.21124542294,-0.0010674797053056295,False,-0.20047909387001653,0.7313410011560753,1.4923303042806413,-0.914821106715739,-0.5404233656442978
M12_98104,floor20,3804,0,0,0.38087489120152895,2.0547868956183937,86.6176381855621,296.653522202985,4.61357338669551,True,0.15506777137287933,-0.1272183156155025,-0.016747151443743474,-0.7315682572828363,-0.028872218136527066
M12_98104,mask_cn,3688,116,0,2.472855669215278,-0.627704801267388,-7625.254115226184,-23388.960453217158,0.007614825980326145,False,-0.18743138505638401,0.059860691802046194,0.08949564209138283,-0.14763943765480916,-0.36190879652983027
M12_98104,new_default,3804,0,0,5.831112718815348,-5.771183487783697,0.5417941561026964,2.107396065766565,0.004032914548538713,True,0.4066562387891658,-0.8194011166699883,-0.03344694384898109,3.726569673393515,1.7073131455092412
M12_98104,no_irac,3804,0,2,5.727797430503415,-1.0002640394787417,-37.45029380306369,-131.732524572845,0.0010922260410133333,False,0.087660893605044,-0.8339834460674942,-0.38491221251311086,-2.2160825768101287,-1.4460846146627597
M12_98104,sfh_cont,3804,0,0,2.582046557941794,-0.5452899734071899,-0.7462640438170638,-2.7850905644707313,0.006396355380624996,True,0.4226668787157451,0.23646418077368106,0.19341528597860388,0.14480548720838465,0.12838808946459448
M12_98104,tau_cn,3804,0,0,5.357173716038233,-5.498881283519287,0.7083425194141455,2.2685136022135626,0.0031253392741596997,True,0.4206118947096716,-0.6603054942955662,-0.10857446017731685,3.6581377067564738,1.5875407823594527
M1_206545,dust_free,3422,0,0,-30.5507574409894,-16.700459083733136,14.807857127976604,39.656003147867466,-0.06652830967959744,True,-0.0070863291110960895,2.1277529435577507,0.7210188026644238,-3.399536203820612,-1.7581856813268026
M1_206545,dust_wide,3422,0,0,-61.815112309515825,-27.088710848998495,31.772824090498034,91.19121999644206,-0.11862043615588247,True,9.12310755862233,6.542547515347093,3.3952679949584135,-12.038125024862271,-5.037094968499319
M1_206545,emis_wide,2953,469,0,21.4971579836174,-37.62256628475217,-30527.765807754447,-94320.81239080172,-0.26262956664617043,False,-4.795398461187352,-1.7494475713046138,-0.6085203001185584,-4.340522084423514,-3.1017870939910464
M1_206545,floor20,3422,0,0,1.5645114062790526,-0.6953553208885879,0.7260734116425738,1.798614842182649,-0.0022856655571787954,True,0.02892447315753123,0.05037827505580917,-0.0978677791540301,0.030706273125448033,-0.13980185733723993
M1_206545,mask_cn,3073,349,0,-3.11598460089499,-28.73857529207713,-22751.49145520071,-58187.113797605365,0.1911978250005939,False,0.35992245226788644,-3.63194129816742,2.241264783351187,-2.295672592681797,-1.533193268303138
M1_206545,new_default,3422,0,0,-27.87531000780473,-15.849169076410945,7.5901104544172995,17.253218282332533,-0.06868032234677601,True,6.759303263123298,1.9563389489931953,0.6822017399544661,-3.174120486301468,-0.8392208707799358
M1_206545,no_irac,3422,0,2,-30.826360807584933,-1.9609443393348869,-27.794762499659555,-83.9503465741759,-0.07254039454404104,False,-0.0027827641822511322,1.983994809527717,0.4864464298398617,3.123013697430812,4.83006588395184
M1_206545,sfh_cont,3422,0,0,2.7356831686238365,-1.6202571836634405,-6.764216234500054,-21.624818808226532,-0.019052023742478497,True,7.00302756596733,-0.25717704585124274,0.027916705032851437,0.09453476746759172,0.595856543230131
M1_206545,tau_cn,3422,0,0,-28.63403879597172,-15.839713591905742,7.495436769298976,24.646953062060238,-0.07288322847863027,True,8.50237301910898,1.8112462963038218,0.9281941977403095,-3.265296672025167,-0.9089417145612986
M4_108989,dust_free,3735,0,0,1.3826005283508493,-0.41985254354623436,0.762651684897719,1.769398061328277,0.058791691730105455,True,-0.13807978223816464,-0.9917097142643928,-0.28315997401742754,3.023989329555212,1.293658110731591
M4_108989,dust_wide,3735,0,0,-116.1485034911484,10.795503258502263,24.88347370995325,51.142328789894435,-0.15359111545204662,True,-5.654701098010148,12.677296105739691,3.2410302760354854,-3.1497759226833884,-4.455180224191284
M4_108989,emis_wide,3247,488,0,-72.64069747271424,0.5539681296910146,-31865.04017781341,-79834.96814725506,-0.01245557288144905,False,-13.657484336358149,7.355849403464945,-0.22589603371989167,-0.17690436837569873,-8.936439097439177
M4_108989,floor20,3735,0,0,1.3373622171220632,-0.582174639025359,-0.7827038390969392,-1.7123019256987115,0.008868423884200283,True,0.2705620359661272,-0.2826341152025903,0.006569934833352986,-0.03396689375689257,0.22974009617359364
M4_108989,mask_cn,3439,296,0,-110.33136105666472,-1.6034575014076324,-19128.476710448886,-53075.72076646632,-0.13579317207963637,False,1.609536530992375,-2.3077731419205847,1.0248006551931055,-0.1622059657329925,0.7370793965053376
M4_108989,new_default,3735,0,0,5.402584831535933,0.05669730245395144,-3.1568629749526735,-7.971830539584763,0.07036458963405856,True,0.8041993958582117,-0.8789512665398442,-0.179457979548134,3.3999522768373756,1.848374289368074
M4_108989,new_default_rep1,3735,0,0,1.9244161637088837,-0.014950258256297033,-2.9257526878500357,-6.548128714442744,0.05603739058264168,True,0.4806413082448864,-0.8924292029064328,-0.16210445843588758,3.3011376338388008,1.5313186396428256
M4_108989,new_default_rep2,3735,0,0,3.7143255973196574,0.40485827249312756,-1.6947241797752213,-4.336344031311039,0.07459940257706066,True,0.4410512972096103,-0.8477976453601751,-0.0626660371078535,3.4369874295469613,1.601931219339973
M4_108989,no_irac,3735,0,2,0.20494048514774477,0.49377815362402266,-37.62398826240678,-93.92989080596799,0.006915237252918871,False,-0.1431487638453439,-0.0526287142366978,0.06515473471559806,-0.24154796992589223,-0.3771288245267733
M4_108989,seed_rep1,3735,0,0,1.8732289590298024,-0.8625518443992188,0.2891358845809009,0.6695840973816026,0.020185594221333147,True,-0.03627338984758248,0.054431431687882934,0.0032237582834005445,-0.01940734681246462,-0.14800560618568243
M4_108989,seed_rep2,3735,0,0,0.7745584174681426,-0.6049366900326287,0.22065960709005594,0.46670815027512924,0.01484914024094941,True,0.06167226042606357,0.12079646976078197,0.06071485306413008,0.01130531486634235,0.04084686606913786
M4_108989,seed_rep3,3735,0,0,3.5526625410357155,-0.7847188774884462,-0.0763307579618413,-0.1940984598864045,-0.0013974468054263056,True,0.054079450266999625,0.004778156211084674,0.11473407518641096,-0.24908767795813835,-0.1123330008212011
M4_108989,sfh_cont,3735,0,0,9.876525493175905,-0.2971002828137781,-4.145579335425282,-9.44815455485287,0.032346253303821015,True,1.2221168897055408,-0.11110926581804435,0.1726910103918683,-0.3993735098973546,0.3569826261345892
M4_108989,tau_cn,3735,0,0,7.191819273239162,0.2675180274447424,-2.677711946191266,-6.321421957222307,0.06539840870016,True,0.7570820985543295,-0.9235246736505894,-0.13083595193244588,3.513966230101251,1.752251742571873
M5_172669,dust_free,3602,0,0,-1.4315463334951346,-38.25539298209848,11.338945735740708,30.201945009607773,0.009003604759842965,True,0.020878910016711407,0.5892176868191564,-0.32545953750577117,-5.174229529628551,-1.9602483856150348
M5_172669,dust_wide,3602,0,0,-2.851628209124101,-54.8166532343715,8.94443715820671,23.36000824861941,0.024277884462051702,True,6.763866707331731,0.5589448759881497,-0.8558773563806926,-8.71188194629131,0.5161706287592993
M5_172669,emis_wide,3421,181,0,-3.1727701669306043,-5.695184580253326,-11836.062511548022,-26920.62015469627,0.05951099438159391,False,2.4646726666625223,-0.37810279972415417,-0.8971917420332648,-0.7752904334124473,2.171006755898505
M5_172669,floor20,3602,0,0,2.25802051698156,-2.716737127655122,0.1572709116153419,0.3397996193128862,0.017527343548663588,True,0.22887648116381504,0.22255990555439062,-0.6428440659742722,-0.2442013000743431,0.05702982144066515
M5_172669,mask_cn,3278,324,0,-23.394397387206027,-10.799968813512436,-21086.310000578582,-47960.428071338436,0.10021177419002036,False,-0.46684944820983637,-0.5718871574841062,4.0227839364679,-1.5163967296956091,-0.3607510445647862
M5_172669,new_default,3602,0,0,-3.290840533861683,-39.66945014764386,8.955639984167647,20.114342147765285,0.004421855212450865,True,6.426328400673223,0.6125717684090568,-0.6080540593793201,-5.586005957633476,1.2268222736798289
M5_172669,new_default_rep1,3602,0,0,-2.209567791802783,-41.0357398171872,5.881309881748166,11.978963872505686,0.0132055900857031,True,6.899331251920135,0.6219634174292747,-0.8602704438046015,-5.528623427360479,1.7767007581562517
M5_172669,new_default_rep2,3602,0,0,-1.4613315435262848,-39.16827181261231,5.822661873331526,15.392238504150644,0.01364541970227462,True,6.469853710538372,0.18828339348278708,-0.8053130721514477,-5.584336163969146,1.5865606893842796
M5_172669,no_irac,3602,0,2,-1.4544879236364068,16.10419784163581,-22.433448432333535,-57.759551249724105,-0.010105220414566851,False,0.6398682442373828,1.254237171905542,-0.9156474438277785,3.051939142485834,3.2700675529911405
M5_172669,seed_rep1,3602,0,0,-2.5051636813777804,0.7333917798475653,-0.7342562325065956,-1.872792898471305,0.016490433954241546,True,0.334759464022614,0.4868837371611211,-0.32442950257795533,-0.01822424587291026,0.13573942284439175
M5_172669,seed_rep2,3602,0,0,0.6041685096279252,-4.266631508201456,1.9861661211762112,4.1786655333781795,0.013922971041471666,True,1.196949952324447,0.3244731848770879,-0.956434844050869,-0.31648346911255176,0.4890183727929095
M5_172669,seed_rep3,3602,0,0,0.2504337081063568,-2.414946155281811,-0.1607178702543024,-0.37818414005754375,0.012394788232618748,True,0.33899423227056225,0.4043335398333591,-0.487902767075747,-0.16417094688914483,0.1347668361975717
M5_172669,sfh_cont,3602,0,0,3.813712896049765,-1.3542994301928388,-4.775490370113403,-11.528541607559246,-0.0004383417588997851,True,5.054355741451608,-0.17848133415335676,-0.9941611067455418,-0.29850853104050057,2.960489615971334
M5_172669,tau_cn,3602,0,0,-3.2498324132498055,-38.95008694012465,7.412290028150892,17.37714524763148,0.006447120243053828,True,6.449982874909572,0.4884412873309458,-0.7472578125122032,-5.542114214166022,1.3077647311094973
M5_173928,dust_free,3836,0,0,-12.524779987674265,-14.828223231709714,10.602540493273409,28.207577937745317,-0.03607485980618996,True,2.535668345629567,0.5626576269417475,0.8682024503140262,-4.891239268734931,-0.8389735055045104
M5_173928,dust_wide,3836,0,0,-3.0282277437781886,40.93789073499202,36.82634510539356,98.74721181965361,-0.01634354044196229,True,-11.617125434278927,40.715508916105485,-1.0503440743596493,-12.747976178467693,-13.877813010937333
M5_173928,emis_wide,3353,483,0,96.5668134075695,-21.786833327969344,-31402.007872248738,-71332.85053529016,0.3980442059781293,False,-4.004480470895954,-5.517789965279351,7.075714803612684,-1.722070628679583,-5.352782773848914
M5_173928,floor20,3836,0,0,-11.534324985912463,-0.7309658757468824,0.1126769699039869,0.28050620292036865,-0.018759248995747768,True,1.5061468493012191,-0.26890752666806594,-0.016728036775652273,-0.04912856433260894,0.7875682343888967
M5_173928,mask_cn,3722,114,0,-4.254392712733534,-2.8782443885342204,-7422.343018213694,-25308.80749945934,0.08482689958840517,False,0.0804005639481629,-1.0328936253643728,0.29424031516001603,-0.25439208968955956,0.3148290359130694
M5_173928,new_default,3836,0,0,-14.775619815962273,-12.399259766413863,5.5638516172766685,15.364991178911692,-0.040834352949628894,True,4.107466237323262,0.3913231794204768,0.9462714839463098,-4.730221042271479,0.44807949185714135
M5_173928,no_irac,3836,0,2,19.98664444865608,86.64857813684972,0.19510143250226974,0.4536604597482396,-0.0018820319653816142,False,-14.186047601101906,42.09402145022634,-1.1810965647093004,9.71204971787478,-2.237305259785243
M5_173928,sfh_cont,3836,0,0,-4.0437858019922714,0.46051675740314124,-5.228016965003917,-12.077173837504134,-0.06599383626080346,True,2.9029486579876935,-1.783555865201284,0.3231655705721223,0.11833713605310742,2.053006391281693
M5_173928,tau_cn,3836,0,0,-11.665110149684551,-12.897847651598234,4.9722628567542415,12.578740932918137,-0.04319300642886503,True,2.7173714382732665,0.4895442356846552,0.41669621616292213,-5.022752369025938,-0.5237269516332468
