target,arm,z,sn,seed,n_pix,n_bands,spec_chi2_stored,spec_chi2_raw3,phot_chi2,lnZ,lnZ_err,ess,passed,calls,wall_s,logmass_q50,logmass_hw,Z_q50,Z_hw,afe_q50,afe_hw,tau_dust_q50,tau_dust_hw,age_q50,age_hw,f_calib_q50,f_calib_hw,scaling_q50,scaling_hw,t50_q50,t50_hw,free_dust_index,sfh_prior,dust_index_q50,dust_index_hw,dust_rail_lo,dust_rail_hi,tau_prior,dust_index_bounds
M12_185653,dust_free,0.6776310205459595,21.5,20260923,3577,12,3973.9344972165627,7131.318332494419,4.637647227119583,233877.08781701754,0.21773653106002686,3467.891563676279,True,5901814,383.7821731772274,11.125020116476861,0.0432407635061578,-2.1681800237507214,0.08732574037007756,0.20667996487090365,0.03788921259586091,0.3123138174002633,0.045433054400921186,4.8004699204687284,0.42021508786715733,6.311907471572365,0.12839017060277413,0.9953732735886582,0.02003707307668212,4.839973622273685,0.49487012447945666,True,uniform,0.29579088562159367,0.10527573853740112,2.257968156153916e-05,0.36151223741502453,,
M12_185653,dust_wide,0.6776310205459595,21.5,20260923,3577,12,3975.3345803983243,7131.365604812587,4.198240111019978,233874.90701151593,0.24173450143541847,3623.856858844553,True,5969199,392.75980463344604,11.134789060527133,0.035568609895202385,-2.1694286625082357,0.06812151584904136,0.21989734086045287,0.03431696362862598,0.31310829310676286,0.04857190529535024,4.939234355295119,0.3750818633834676,6.309296709056858,0.13025413147329568,0.9971589380991012,0.019905696697982644,5.132779675384322,0.48253375478250904,True,student,0.30157321158518197,0.16772103471565633,3.7773816227609355e-09,0.3176075529272592,uniform,"-2.0,0.5"
M12_185653,new_default,0.6776310205459595,21.5,20260923,3577,12,3971.02239737531,7132.439675172285,4.385686034174376,233875.3733813136,0.1962043355500298,3423.437540055448,True,5762196,382.2598093273118,11.135733625345939,0.03645582427611771,-2.171485136738471,0.07172408808324193,0.21265670473146264,0.03486451667982923,0.3057609478990779,0.04665109182059779,5.002553238035603,0.33711352978048525,6.309395456425066,0.1257525531435797,0.997613966317105,0.022992128665473344,5.2282564313170745,0.45763292460310145,True,student,0.2574178146424565,0.1364766292204239,4.167826909551528e-05,0.2701144422047323,uniform,"-1.0,0.4"
M12_185653,poly3_total,0.6776310205459595,21.5,20260923,3577,12,3968.989243867257,7133.733068386708,11.112189986939814,233871.32484720365,0.2611125135923976,3448.425601404076,True,981500,306.4762258916162,11.100473969475106,0.03469868736242887,-2.1809257106540816,0.07935060201943922,0.22825769126732556,0.03261768953107343,0.17171141472104495,0.029013996854259844,5.017060957077964,0.37046651832292454,6.316725807299052,0.12624781010875052,0.9800314633714657,0.024156740318829584,5.05572166747319,0.454289384805282,,,,,,,,
M12_185653,sfh_cont,0.6776310205459595,21.5,20260923,3577,12,3973.5748108978783,7136.580165728824,10.073788449640306,233870.05753234742,0.2313302771071786,3382.7048018225278,True,5738817,262.35253223218024,11.083441341946303,0.04251334202742019,-2.132031998860429,0.07430346144659161,0.2230480541866438,0.035044110541670837,0.1775086467115019,0.027902002023984337,4.885546110618387,0.41976998909460495,6.308484433291188,0.13509943433048655,0.9822529726127353,0.021057387150575813,5.119723461799545,0.5401994774110643,False,student,,,,,,
M12_185653,tau_cn,0.6776310205459595,21.5,20260923,3577,12,3966.3484006242684,7134.537122768144,4.064494089696098,233875.47236284328,0.12645953562251983,3547.786118047787,True,5665701,378.9082172829658,11.11999463215561,0.03270111409538856,-2.1503628811018403,0.06399789491635133,0.20644981084436786,0.03291223266400169,0.3067936835906038,0.04836382881430332,4.824065533814702,0.3444266205380906,6.314781640994517,0.1370314759706619,0.999289889472808,0.02110834628277014,5.00670391928036,0.4499629895897268,True,student,0.23857149662285243,0.14976649944070905,5.5508573555228564e-05,0.23079927372257222,clipped,"-1.0,0.4"
M12_98104,dust_free,0.9814170002937317,6.599999904632568,20261007,3804,12,5920.175072006068,8250.23485451665,4.11140970411036,249684.40628806586,0.3191376090023204,3358.8555133329787,True,5354494,369.91593784373254,11.305946421809878,0.030697370158060622,-2.5632344996608105,0.06816199283488622,0.1252461412189472,0.05254362893520044,0.5331196929329045,0.06651431558447762,4.437868128588159,0.11750724045275396,9.985302168313467,0.018837596427256464,0.954847745343878,0.024963699405355644,4.457368420345519,0.11949964161374727,True,uniform,-0.00026862521564128503,0.16192821394803414,5.920440857986679e-06,0.008261898589804513,,
M12_98104,dust_wide,0.9814170002937317,6.599999904632568,20261007,3804,12,5920.584756598727,8249.535407854291,4.408221661897822,249681.2839291276,0.2020931184920233,3648.342503495129,True,5902464,397.731870255433,11.30290400373529,0.03745899278416065,-2.5603925504043703,0.08411340526160549,0.12714749573079737,0.049293477152364186,0.5153926761662069,0.08218115842029936,4.569429842279455,0.1863677247394726,9.983495900583375,0.018719059076024003,0.9590894607366527,0.027019096515033036,4.719643224245074,0.266496794629417,True,student,-0.07359209563852945,0.20354158236049946,3.5686946051247973e-13,0.002733429547571922,uniform,"-2.0,0.5"
M12_98104,new_default,0.9814170002937317,6.599999904632568,20261007,3804,12,5920.671336268662,8247.559598046899,4.3183699800101305,249681.77344623196,0.17479095278399764,3686.1924317516773,True,5885308,391.27494063973427,11.293470430736495,0.03660992240266747,-2.534663252286655,0.08327582817546886,0.1376827284175262,0.04944390300028476,0.49444090427409315,0.07258187711078751,4.511785314982433,0.22087503147804322,9.981915661207491,0.02141060144508966,0.9582037686545769,0.028369640749523584,4.667430540682277,0.31295040160969956,True,student,-0.08891306104339958,0.1961683073930364,0.0007928793417333654,0.0030374384810378094,uniform,"-1.0,0.4"
M12_98104,poly3_total,0.9814170002937317,6.599999904632568,20261007,3804,12,5917.863306540227,8241.728485328083,10.089553467793827,249681.23165207586,0.18853194441269666,4033.206449993014,True,1020500,307.66967546986416,11.24842597909763,0.026383239511360124,-2.4735868262355423,0.07453788481436852,0.1395094770247161,0.054616308606191176,0.36251731516684094,0.03540081111300383,4.403359607650275,0.2666274287466961,9.977882746658953,0.024186968949860166,0.9703163829063787,0.027351947340908234,4.442128506696827,0.4200785914030791,,,,,,,,
M12_98104,sfh_cont,0.9814170002937317,6.599999904632568,20261007,3804,12,5917.792952591963,8244.310531886025,9.544263494386637,249680.48538803204,0.1904014738042666,3546.939738259682,True,5538729,260.9502135012299,11.251813272812381,0.029476146646236323,-2.4559612863663096,0.07668189403000625,0.15007310597287826,0.051186584041646076,0.36764354686763145,0.031080773709743714,4.516054190738646,0.2533015493372863,9.984279102039578,0.018630908071096464,0.9747747669438855,0.030179466960669254,4.682269171701856,0.3751133186251052,False,student,,,,,,
M12_98104,tau_cn,0.9814170002937317,6.599999904632568,20261007,3804,12,5919.650547756941,8247.085659044122,4.59067218427454,249681.93999459528,0.24890868535921812,3617.770575333743,True,5622332,380.6656122934073,11.290310447792672,0.035066148178735546,-2.52280460111164,0.09019036219219534,0.13357954080092116,0.0484332051939238,0.4920183571490839,0.071568412076705,4.515506275636991,0.2431600885215599,9.981008085933112,0.021622154642717994,0.9594780422267724,0.027160481725325925,4.6884904581675,0.3661578658631237,True,student,-0.11046680673568213,0.20494308821809848,0.0007512675476596714,0.0018146510612266293,clipped,"-1.0,0.4"
M1_206545,dust_free,0.7282999753952026,31.399999618530273,20260877,3422,12,4330.21191783157,5200.379935860968,47.938052851977915,222950.0371478338,0.3013447432356679,3699.5545686073724,True,7330194,511.10364825464785,11.621392368201576,0.009503224359572293,-1.8030258868968816,0.02115353050797142,-0.18899218718141036,0.008900352487187596,0.3847672563297475,0.017034974572540745,5.064842781700177,0.018464174066251893,3.881903107211703,0.09526310344477129,1.136888647886771,0.02460890891862999,5.072166887137424,0.032511734121963176,True,uniform,-0.9876527829436283,0.014013946194181948,0.9829771215056716,4.789652571390805e-40,,
M1_206545,dust_wide,0.7282999753952026,31.399999618530273,20260877,3422,12,4354.567608952903,5169.115580992441,37.549801086712556,222967.0021147963,0.2697622613875054,4240.169850197986,True,7900873,547.0054504778236,11.591161864192625,0.011297796112956782,-1.7026704530254606,0.02583798983572938,-0.17313993664122226,0.012357843142733305,0.20078692441540902,0.016765781723480658,5.197591618619689,0.07973742517202886,3.829810980735418,0.09876845906975373,1.042833127098294,0.022987592373335253,5.302295188614499,0.12046873998492247,True,student,-1.8962343119248575,0.0957787152061822,0.5773283381389482,5.648697495888124e-53,uniform,"-2.0,0.5"
M1_206545,new_default,0.7282999753952026,31.399999618530273,20260877,3422,12,4332.358283296322,5203.055383294152,48.789342859300106,222942.81940116023,0.38066882485046927,4507.400504685905,True,8028608,563.9828723827377,11.62986493238565,0.011650398680382423,-1.806922404733993,0.022647461317697903,-0.18922228458784712,0.007950114499325048,0.389568047221295,0.0161990131585944,5.163222986935489,0.09268803093643774,3.8797510945445244,0.09982195609293187,1.1390536055368239,0.024699101335744378,5.2440288648411535,0.14613691446160226,True,student,-0.9871278288768465,0.015788849202356403,0.9803200420413143,9.680976108606314e-35,uniform,"-1.0,0.4"
M1_206545,poly3_total,0.7282999753952026,31.399999618530273,20260877,3422,12,4302.297073144692,5230.930693301957,64.63851193571105,222935.2292907058,0.22050999962631557,3548.4584069101224,True,1254500,371.4692131220363,11.637602282728874,0.009219682937620988,-1.8513931588842134,0.022731620291620125,-0.19326619827093727,0.005927738740977212,0.4571688733172671,0.02129749843703682,5.064945813679464,0.014539541936547717,3.9484314168913004,0.1038052736473225,1.1618166532533682,0.030878002422987882,5.07147280043054,0.02465681596363911,,,,,,,,
M1_206545,sfh_cont,0.7282999753952026,31.399999618530273,20260877,3422,12,4308.062266253941,5233.666376470581,63.01825475204761,222928.4650744713,0.22185219493488145,4103.141816255326,True,7387988,363.6524953423068,11.643095891133763,0.01145663262041463,-1.8572392098382244,0.023196492269518587,-0.1931007153369936,0.006969383649983424,0.45918222737965375,0.020742903971988136,5.166766626657646,0.08786651923915256,3.929379393148822,0.09851005970714954,1.163884760377905,0.027199286692015323,5.246986573298836,0.13869539136932563,False,student,,,,,,
M1_206545,tau_cn,0.7282999753952026,31.399999618530273,20260877,3422,12,4331.96272406463,5202.296654505985,48.79879834380531,222942.7247274751,0.20942662741156445,4404.057132952993,True,8105882,565.8071778472513,11.629222128311842,0.011244397919601745,-1.8102205958220317,0.020541803495384925,-0.18776410556584178,0.008465967885975756,0.38762622254834955,0.015855939571725847,5.188566422750971,0.09217955199400896,3.87554818841267,0.11966924655514588,1.1393589355421518,0.023179297060528903,5.282942533818201,0.13880254782748525,True,student,-0.9869825197418449,0.015260530416464413,0.975274702892508,3.311602164913478e-36,clipped,"-1.0,0.4"
M4_108989,dust_free,0.8277999758720398,21.299999237060547,20260924,3735,12,4223.9647397387,5602.917636656036,12.429057927271428,243351.03706042375,0.2950619369221855,3936.3659312107056,True,6593821,436.2342199534178,11.831067184896213,0.022189277432092425,-1.9069116589627642,0.029320923897340756,-0.1927739824316208,0.006823329220531887,0.3370532221752856,0.06583478251219851,4.5940699498083655,0.10033512434355663,4.446019915237912,0.10633394186886003,0.8092514732646611,0.02322151445152265,4.628403625841623,0.10184992921700431,True,uniform,0.020531413284183477,0.33770968422448533,0.02309218102808608,0.0762771993166923,,
M4_108989,dust_wide,0.8277999758720398,21.299999237060547,20260924,3735,12,4301.250769856291,5485.386532636537,23.644413729319925,243375.1578824488,0.371503323977501,4209.488295558062,True,8569183,563.0616472316906,11.741726481453801,0.02305037440315605,-1.5049544501473937,0.050537056060490415,-0.1561070690437648,0.01412111893347294,0.16527514989252806,0.012079296738052053,3.9565312652846227,0.2703832567240929,4.23363710805576,0.10848281708429663,0.8682762114105256,0.01737390744846834,4.012734335867371,0.29417814007680576,True,student,-1.9384585966507157,0.06593976516244349,0.7831002616664395,1.754999576612084e-14,uniform,"-2.0,0.5"
M4_108989,new_default,0.8277999758720398,21.299999237060547,20260924,3735,12,4214.658825062609,5606.937620959221,12.905607773271614,243347.1175457639,0.24103590965981841,4158.56779785,True,6969374,461.6116659520194,11.83968783670846,0.02204927897215292,-1.9035958310587784,0.03255360987724665,-0.19169503045129102,0.008318613457700338,0.34751396820226754,0.060496602586334214,4.702966209542592,0.12486949175995177,4.457592813141865,0.10391436293481648,0.8052930281962787,0.01985532998548656,4.877903988403535,0.19297753803181372,True,student,0.10659657157002465,0.28665238209488275,0.02485955625603321,0.10227167867528625,uniform,"-1.0,0.4"
M4_108989,new_default_rep1,0.8277999758720398,21.299999237060547,20261924,3735,12,4219.354735305941,5603.459452291394,12.833960212561365,243347.348656051,0.3176750069140376,4336.4631095703735,True,6865797,459.11432518437505,11.834760584779184,0.020820397030147042,-1.9039921695894546,0.027097726185364324,-0.19151447832145424,0.0070851728385537965,0.3447645619333056,0.057104021215871575,4.665573612564028,0.11606636683617966,4.443265614090448,0.11542415250148252,0.8053871682549244,0.019951699579283222,4.782035989924864,0.18100798834398457,True,student,0.09455047373291711,0.2581837167988562,0.008534272604550024,0.08301629611109011,uniform,"-1.0,0.4"
M4_108989,new_default_rep2,0.8277999758720398,21.299999237060547,20262924,3735,12,4218.66803073409,5605.249361725005,13.25376874331079,243348.57968455908,0.23242147337444172,4153.580503872307,True,6933767,452.5666284719482,11.835857950398896,0.02056293070538029,-1.9026797130339002,0.025401067577602188,-0.19047988605385308,0.007416173044844432,0.3485444296596162,0.06055175797257126,4.660998318718219,0.11761521062931868,4.461827626084867,0.10373403693254302,0.8026966314406934,0.018966714882115376,4.784058480907773,0.19428071377278888,True,student,0.1281218913892867,0.25757823332579455,0.0137017616880161,0.11944216907604589,uniform,"-1.0,0.4"
M4_108989,poly3_total,0.8277999758720398,21.299999237060547,20260924,3735,12,4263.884819292674,5601.535036127685,12.848910470817662,243350.27440873886,0.3141965732330557,3812.7493563721246,True,1196000,354.68694001901895,11.810962892708234,0.01554065330028287,-1.8777489770567084,0.02940646994437013,-0.18982788658959052,0.010404351293834227,0.25291412125202506,0.027823874939279722,4.610027398704806,0.11556687472838201,4.387228223507806,0.11204203672216417,0.8229659261009723,0.02453686708977043,4.635231308108844,0.11155364946578494,,,,,,,,
M4_108989,seed_rep1,0.8277999758720398,21.299999237060547,20261924,3735,12,4261.699392914336,5603.408265086715,11.986358626418443,243350.56354462344,0.2962160854407404,3510.136100645829,True,6733377,307.03828578442335,11.808662788896005,0.01594183647421943,-1.8761483407967496,0.02727547335568714,-0.1897943454759236,0.008321190662561054,0.2523741336614118,0.025774228426825654,4.605835396404316,0.1111703440919869,4.4074138177291395,0.09471516828806648,0.8251306539464837,0.021847601815723205,4.633850370385824,0.11520924562790302,False,uniform,,,,,,
M4_108989,seed_rep2,0.8277999758720398,21.299999237060547,20262924,3735,12,4251.623672581016,5602.309594545153,12.243973780785034,243350.49506834595,0.353299222306705,3559.377111761557,True,6953532,312.06232079304755,11.811597679692218,0.014574279514839361,-1.874196779299302,0.02597601963906293,-0.18919618792955778,0.009324080146316832,0.25322867891901535,0.023918412142064333,4.617154669099681,0.08824334786894061,4.402077363748756,0.10696112064339625,0.823131826039736,0.021366338675152585,4.641819372717164,0.08401608134552108,False,uniform,,,,,,
M4_108989,seed_rep3,0.8277999758720398,21.299999237060547,20263924,3735,12,4261.816424080104,5605.087698668721,12.064191593329216,243350.1980779809,0.23650012788297453,3655.676565531956,True,6983626,314.3871558662504,11.809217164488292,0.015433803338916086,-1.8776084683496976,0.02427638381955799,-0.1886341529659779,0.008580012039922383,0.24598353685160224,0.02673944475715967,4.616277191759192,0.10986139848436993,4.38583077670238,0.12345437457116404,0.8233669694936134,0.02295847909175336,4.644780235683437,0.11153805622320201,False,uniform,,,,,,
M4_108989,sfh_cont,0.8277999758720398,21.299999237060547,20260924,3735,12,4250.541073184974,5611.411561620861,12.551810188003884,243346.12882940343,0.3062691511830693,4222.446758100945,True,6925375,321.8796177348122,11.816510635935217,0.016327675786903306,-1.8810163083425278,0.02875759807416922,-0.18803114865218634,0.009055218540339013,0.24180200265857987,0.026611927366386318,4.751263628200846,0.12546369069908314,4.419574476811627,0.11425237959138324,0.8171377953344641,0.021961761300478277,4.892565343856794,0.18686707273463865,False,student,,,,,,
M4_108989,tau_cn,0.8277999758720398,21.299999237060547,20260924,3735,12,4222.337957752888,5608.726855400924,13.116428498262405,243347.59669679267,0.2840982077211384,4166.8242815259055,True,6863047,454.0514736417681,11.83819402953436,0.019732695950494872,-1.9049065776152987,0.02976389928233647,-0.1911891497953589,0.0073949683253680815,0.3506862781792145,0.05639695379038073,4.6975210107475345,0.1210453617309617,4.452626632207966,0.11414064673474744,0.8034452415276938,0.01872807467255111,4.854490900809203,0.19657570544939018,True,student,0.10930713320271253,0.26811635023619845,0.015436793160030032,0.10633519549437963,clipped,"-1.0,0.4"
M5_172669,dust_free,0.6036999821662903,105.0,20260830,3602,12,4139.987982538381,3427.9934339850015,61.84525520592917,233025.10144988992,0.15550541984948646,3659.665332997204,True,9019223,543.2256061732769,11.308165113227691,0.011906734176250211,-1.5713310134428273,0.02640748407474114,-0.054113003345435784,0.013626437931139709,0.47754834196467827,0.016723885626106716,1.8475847069020939,0.09893159002009977,2.671191759094995,0.032114511306115645,1.2223341569412498,0.019495381645005416,1.7734528821741873,0.06307659598062998,True,uniform,-0.9583608228148486,0.028673892555601044,0.8290769557644346,1.9999594094419115e-75,,
M5_172669,dust_wide,0.6036999821662903,105.0,20260830,3602,12,4095.858425637077,3426.5733521093725,45.28399495365615,233022.70694131238,0.17273490786547305,4297.6949139759345,True,8436981,531.9809683766216,11.335094491549167,0.021654317767149323,-1.5722369799917133,0.023259232146647046,-0.06161683727290407,0.015343615973616071,0.40962811958648226,0.03048217413086135,2.518036645187475,0.2783770373690171,2.686466038797204,0.03205776920776193,1.1847861290323258,0.026329744449565817,2.09798474276235,0.175771459722307,True,student,-1.1420733963635186,0.08281875185953724,1.5074326885100004e-16,1.366233927067475e-107,uniform,"-2.0,0.5"
M5_172669,mock_tilt4_poly3,0.6036999821662903,105.0,20260830,3602,12,1815.6521578581942,421.01776580669014,3.9659617362752684,236493.62968289675,0.22477543484809537,3193.89126628808,True,1254500,399.66445963596925,11.126403827343804,0.012216337027065372,-1.729609265579259,0.010131273451488898,0.13591578225916326,0.00808786239775379,0.022788474258451083,0.01624853727555533,1.7176604451715933,0.09531065473388256,1.0006236793810623,0.0008704816842270979,1.2317973410013483,0.01923685069450498,1.6845145671183395,0.04454437199546113,,,,,,,,
M5_172669,mock_tilt4_sfh_cont,0.6036999821662903,105.0,20260830,3602,12,1815.043133765224,420.9606016916796,4.241295833189309,236485.82391463415,0.30993629261151523,3545.7744765808143,True,9878398,420.50291353743523,11.133020721626547,0.012417350899121438,-1.7328630946275352,0.010906482620142488,0.13135174126006627,0.008889434110665125,0.04269916479821578,0.020501665342732178,1.804479191657631,0.08122326146255521,1.0008758207179835,0.0009934347305909919,1.2448872099761368,0.02084579335033976,1.722831040680525,0.04096887406223604,False,student,,,,,,
M5_172669,new_default,0.6036999821662903,105.0,20260830,3602,12,4137.239199215507,3426.134139784635,60.43119804038379,233022.71814413834,0.2854191930837098,4266.5912007281895,True,8534722,528.0442609805614,11.34282234652434,0.020919744338353752,-1.5706321019073735,0.023500832057520404,-0.05811087499584401,0.01534941340891139,0.46964254929028737,0.016109819754536153,2.484475378469052,0.27590264239299245,2.666610009547603,0.033045003579494026,1.2322709428967928,0.020549773389741288,2.0587488846180984,0.14990337907177176,True,student,-0.9747172693739008,0.026133663412381547,0.8854211379188355,8.21160264036228e-114,uniform,"-1.0,0.4"
M5_172669,new_default_rep1,0.6036999821662903,105.0,20261830,3602,12,4133.6568447528025,3427.215412526694,59.06490837084045,233019.64381403592,0.35253357362490895,4262.31280960796,True,8784897,552.5109615819529,11.348801902348033,0.018289470032967436,-1.5703510404658478,0.023310862604990712,-0.061678986388723336,0.015756631966493215,0.47074425001091447,0.018322398994661787,2.5315058177884406,0.23681619200833737,2.6753937444208553,0.035379758663312666,1.226137761619594,0.020306760286436187,2.1260074723533604,0.14882831803335272,True,student,-0.9738091657304725,0.025006905058031714,0.9021115459000694,1.2723500584473333e-99,uniform,"-1.0,0.4"
M5_172669,new_default_rep2,0.6036999821662903,105.0,20262830,3602,12,4122.073681241477,3427.9636487749704,60.93237637541534,233019.5851660275,0.16226066884648263,5032.2693022129715,True,9029416,563.1597434030846,11.346734257972702,0.019617813514194005,-1.583329669930052,0.027118490654954863,-0.060901503100454196,0.015985007530984027,0.46967460805232764,0.016117232042778568,2.488803078479896,0.24344481571946153,2.675833574037427,0.03634713509398613,1.228059539050721,0.021613450321743,2.1061323424848006,0.17618881707956047,True,student,-0.9786245990203178,0.023736567719396973,0.9270899470520296,1.5326184669545868e-113,uniform,"-1.0,0.4"
M5_172669,poly3_total,0.6036999821662903,105.0,20260830,3602,12,4155.578523095639,3429.4249803184966,100.10064818802765,233013.76250415418,0.34171838631125634,3455.4495339844248,True,1228500,404.4830888560973,11.329481485809989,0.01087432222300233,-1.5889643781558052,0.02992674033288123,-0.04950871926475742,0.014147024591641355,0.5768895939861884,0.01919923564516507,1.8455087272161208,0.09942950490765345,2.662188154335152,0.035404941673904844,1.3050942642084478,0.025163652527688596,1.768262664092042,0.06754341288135024,,,,,,,,
M5_172669,seed_rep1,0.6036999821662903,105.0,20261830,3602,12,4117.334459802078,3426.919816637119,100.83403996787521,233013.02824792167,0.19220659899025194,3950.518082594826,True,9130161,369.0936553552747,11.330957560032363,0.014371655145876794,-1.5743935349814815,0.024633974102024392,-0.054098431415981724,0.01088816650640562,0.576539702395219,0.01812393054874395,1.8787936949870407,0.17873796993970426,2.6786785882893938,0.02931030375531729,1.3112421234225922,0.018230639142944094,1.8030509086533346,0.10788255531171731,False,uniform,,,,,,
M5_172669,seed_rep2,0.6036999821662903,105.0,20262830,3602,12,4129.556408249995,3430.0291488281246,95.83401667982619,233015.74867027535,0.33037734260857005,3254.4248918878934,True,9163137,351.82788836210966,11.334799229168707,0.010049920485479369,-1.5792539534070056,0.028213241203244976,-0.06303942652384772,0.01273199659730765,0.5708133532848972,0.01805393211359274,1.96452086837498,0.13164847872409757,2.676111125376624,0.02736796277815312,1.2977184871381422,0.025919412684065057,1.8423758337276666,0.09270963020903478,False,uniform,,,,,,
M5_172669,seed_rep3,0.6036999821662903,105.0,20263830,3602,12,4123.863819295747,3429.675414026603,97.68570203274584,233013.60178628392,0.2526463822642963,3371.5233195930223,True,8656873,359.3794704787433,11.330946983811776,0.010977365980155085,-1.5768639933013375,0.025440652740628122,-0.05641109170890787,0.01642169879706046,0.5737376372907739,0.020657320877093266,1.879214755897333,0.14662844324913293,2.674582942567771,0.034721487486073066,1.3066547010074314,0.0196829718535938,1.792998375480106,0.08624710192548146,False,uniform,,,,,,
M5_172669,sfh_cont,0.6036999821662903,105.0,20260830,3602,12,4164.166288262997,3433.2386932145464,98.74634875783481,233008.98701378406,0.2341295795018154,4412.283401022329,True,8214966,359.3961122855544,11.361674803831914,0.017326630805566623,-1.5943057426972789,0.02714093382415872,-0.06357314088993998,0.015479031495317042,0.5711584583566498,0.019648395518089223,2.34806081621581,0.2366152162445947,2.6617498125762524,0.0362380653001082,1.3057638519764325,0.026801870314981158,2.0457340255659653,0.14499458751805794,False,student,,,,,,
M5_172669,tau_cn,0.6036999821662903,105.0,20260830,3602,12,4137.78299607378,3426.175147905247,61.150561247903,233021.17479418233,0.25529751427434805,4844.239260422518,True,8619460,542.2834762819111,11.343702540887952,0.019339471446904177,-1.5743469225819937,0.02654628383824731,-0.06008019391466368,0.015155433654923438,0.47048523721599617,0.01676560800444346,2.486827331131223,0.2758685444688924,2.668635274578206,0.036322080710188054,1.2347746552887644,0.019593615187512792,2.084759456081415,0.17625928805892532,True,student,-0.9737663359662717,0.028094775051250298,0.8694779617652171,8.64624857326971e-134,clipped,"-1.0,0.4"
M5_173928,dust_free,0.9589999914169312,13.300000190734863,20260970,3836,12,3708.2004137020876,9953.323727673645,33.36409506186069,250202.09896713606,0.30330566068555753,4209.290716426621,True,7750628,492.36760684102774,11.706424783467806,0.02189409250027996,-2.2234424811001308,0.01886252831661217,-0.12024434120660105,0.026181568744088335,0.4467776458737023,0.018974732710793335,4.766044093271552,0.33383752788485666,8.975252020205719,0.15218918116354896,1.3110900892268944,0.027329498936681684,5.049738951934724,0.42533604878844544,True,uniform,-0.9710338147695552,0.030249759111112773,0.8448085748126568,5.612523346580544e-49,,
M5_173928,dust_wide,0.9589999914169312,13.300000190734863,20260970,3836,12,3621.05908827542,9962.820279917541,89.13020902856242,250228.32277174818,0.29965441941187176,4689.671709178718,True,8216007,556.3554359795526,11.553899571884942,0.02199822519264938,-1.5135276006720402,0.04482351811829288,-0.16674690489447466,0.02449602196212322,0.29511888950226567,0.02614675761245558,3.2751571817281087,0.2311924494179447,8.994983339569947,0.15691659429504146,1.3134231497626319,0.036457356207177605,3.3293744680045716,0.27037410453255317,True,student,-1.7521108410907984,0.1446732125740786,0.20340999146276767,2.676430413750207e-75,uniform,"-2.0,0.5"
M5_173928,new_default,0.9589999914169312,13.300000190734863,20260970,3836,12,3715.4386824167473,9951.072887845357,35.79305852715654,250197.06027826006,0.2860719094025482,4365.910493792439,True,8520058,534.2907567862421,11.721480420179889,0.025457306110570954,-2.226471727340935,0.029332774284266616,-0.11835207007225704,0.029025862010934177,0.4498857840561493,0.01761343391813855,4.931620794293254,0.37726520974457056,8.97049252706228,0.1440882886765822,1.308788945797275,0.031628134577720624,5.20660048781299,0.2710430609480894,True,student,-0.9788301482491125,0.027314886863406718,0.8842126383757343,7.152513491288726e-52,uniform,"-1.0,0.4"
M5_173928,poly3_total,0.9589999914169312,13.300000190734863,20260970,3836,12,3710.210659205431,9965.84850766132,48.1923182935704,250191.49642664279,0.22200934328263935,3523.555776362627,True,1137500,354.2635971447453,11.716238893947974,0.011697759721585044,-2.233390442680137,0.017680310554176737,-0.14128820916626028,0.024238434194752308,0.5411933394541439,0.019303020848714547,4.4989311255209135,0.10534223381816865,9.011326880011909,0.1490673541882277,1.3602590717429761,0.030928868290515554,4.513090341384006,0.22781259009302124,,,,,,,,
M5_173928,sfh_cont,0.9589999914169312,13.300000190734863,20260970,3836,12,3736.681961034508,9961.804721859327,48.65283505097354,250186.26840967778,0.37161879246505247,4160.683208502864,True,7296315,328.653771661222,11.740254469420066,0.024305906732484672,-2.264924264267619,0.04663057803104387,-0.1334551817499383,0.02705323362936409,0.5434776036585542,0.02022279627320106,4.804734221812792,0.3797024509147433,8.945333043751106,0.1492472972456218,1.3542620264824108,0.03018148040244728,5.084280509782195,0.32942061952329693,False,student,,,,,,
M5_173928,tau_cn,0.9589999914169312,13.300000190734863,20260970,3836,12,3712.229075115083,9954.183397511635,35.29447064197217,250196.46868949954,0.32705781142207263,4439.2524520129155,True,8204334,524.1331270914525,11.71011246190805,0.016765032020756188,-2.224735148563225,0.02284821863230202,-0.131188145351593,0.02794566417213798,0.44423904575690587,0.0161920415469185,4.785185102942309,0.2062760046826293,8.968133873583044,0.13081652688133705,1.3047001435769658,0.02570822352029911,5.062207304260755,0.26353280131653234,True,student,-0.980900706173496,0.019800227027971296,0.9530727963664214,2.858226670613901e-65,clipped,"-1.0,0.4"
