target,arm,base,same_data,dchi2_raw3,dchi2_phot,dlnZ,dlnZ_sig,df_calib,shift_age,hw_ratio_age,shift_Z,hw_ratio_Z,shift_afe,hw_ratio_afe,shift_tau_dust,hw_ratio_tau_dust,shift_logmass,hw_ratio_logmass
M12_185653,dust_free,poly3_total,True,-2.414735892288263,-6.474542759820231,5.7629698138916865,16.950721989121202,-0.00481833572668755,-0.5846440255646529,1.1342862771228046,0.16062495531209423,1.1005050768069107,-0.661534483485281,1.1616154651225536,4.846019780917398,1.5659012658316565,0.7074085179468129,1.2461786538063149
M12_185653,dust_wide,poly3_total,True,-2.3674635741208476,-6.913949875919836,3.5821643122762907,10.067053689462089,-0.0074290982421940654,-0.2100772888604379,1.0124581975219689,0.1448892365432755,0.8584877003498099,-0.25631338476344734,1.05209670341407,4.873402278768014,1.6740852885361397,0.9889449330922917,1.0250707620056962
M12_185653,new_default,poly3_total,True,-1.2933932144223945,-6.726503952765438,4.0485341099556535,12.39551779857259,-0.007330350873986369,-0.03916067532374345,0.9099703025973146,0.11897293373146639,0.9038883922477494,-0.47829833320966997,1.0688837002576579,4.620167771140836,1.6078822940159125,1.0161668509977027,1.05063986701674
M12_185653,sfh_cont,poly3_total,True,2.8470973421162853,-1.0384015372995083,-1.2673148562316783,-3.6328790472191526,-0.008241374007864621,-0.3549979281661823,1.1330848223339418,0.6161731675542249,0.9363944261996756,-0.15971815157903094,1.0743897267243858,0.19980811397950507,0.9616738488026602,-0.49087238807901606,1.2252147057716336
M12_185653,tau_cn,poly3_total,True,0.8040543814367993,-7.047695897243716,4.147515639633639,14.295680424233204,-0.0019441663045354218,-0.5209524038418882,0.9297105230920335,0.38516191149695467,0.8065205970418875,-0.668590594137034,1.0090301654458897,4.6557621670702725,1.6669136988343791,0.5625764017125576,0.9424308693243755
M12_98104,dust_free,poly3_total,True,8.506369188566168,-5.978143763683467,3.174635989998933,8.564686330787188,0.00741942165451448,0.12942599754306527,0.44071699976670176,-1.2027128707573287,0.9144610556717431,-0.2611552514215883,0.9620501691914825,4.81916578751485,1.8788924178080435,2.180188778086949,1.1635178517347315
M12_98104,dust_wide,poly3_total,True,7.806922526207927,-5.681331805896005,0.05227705172728747,0.1891491623757738,0.005613153924421965,0.6228550281184732,0.6989818174953314,-1.164585289547882,1.1284651485762462,-0.2263423070763413,0.902541354594155,4.318414075637097,2.3214484594142992,2.0648724586759486,1.419802627650464
M12_98104,new_default,poly3_total,True,5.831112718815348,-5.771183487783697,0.5417941561026964,2.107396065766565,0.004032914548538713,0.4066562387891658,0.8284032611208991,-0.8194011166699883,1.117228217340237,-0.03344694384898109,0.9052955840863972,3.726569673393515,2.0502885337597787,1.7073131455092412,1.3876204393665885
M12_98104,sfh_cont,poly3_total,True,2.582046557941794,-0.5452899734071899,-0.7462640438170638,-2.7850905644707313,0.006396355380624996,0.4226668787157451,0.9500205981355738,0.23646418077368106,1.028764020081563,0.19341528597860388,0.9372032886866266,0.14480548720838465,0.877967841203694,0.12838808946459448,1.117229998747669
M12_98104,tau_cn,poly3_total,True,5.357173716038233,-5.498881283519287,0.7083425194141455,2.2685136022135626,0.0031253392741596997,0.4206118947096716,0.9119845233648829,-0.6603054942955662,1.2099935813420013,-0.10857446017731685,0.88679016268107,3.6581377067564738,2.02166023394915,1.5875407823594527,1.3291069947508427
M1_206545,dust_free,poly3_total,True,-30.5507574409894,-16.700459083733136,14.807857127976604,39.656003147867466,-0.06652830967959744,-0.0070863291110960895,1.2699281825267765,2.1277529435577507,0.9305773295786373,0.7210188026644238,1.5014751621324554,-3.399536203820612,0.7998580031782769,-1.7581856813268026,1.0307539233040555
M1_206545,dust_wide,poly3_total,True,-61.815112309515825,-27.088710848998495,31.772824090498034,91.19121999644206,-0.11862043615588247,9.12310755862233,5.4841772540023905,6.542547515347093,1.1366541189874793,3.3952679949584135,2.084748279694942,-12.038125024862271,0.7872183567965236,-5.037094968499319,1.2253996356920298
M1_206545,new_default,poly3_total,True,-27.87531000780473,-15.849169076410945,7.5901104544172995,17.253218282332533,-0.06868032234677601,6.759303263123298,6.3748934691986365,1.9563389489931953,0.9962977133683143,0.6822017399544661,1.3411715405686788,-3.174120486301468,0.7606063785605899,-0.8392208707799358,1.2636441794373299
M1_206545,sfh_cont,poly3_total,True,2.7356831686238365,-1.6202571836634405,-6.764216234500054,-21.624818808226532,-0.019052023742478497,7.00302756596733,6.043279741728623,-0.25717704585124274,1.0204504550020939,0.027916705032851437,1.1757238222740047,0.09453476746759172,0.9739596428806759,0.595856543230131,1.2426276150631768
M1_206545,tau_cn,poly3_total,True,-28.63403879597172,-15.839713591905742,7.495436769298976,24.646953062060238,-0.07288322847863027,8.50237301910898,6.339921326015045,1.8112462963038218,0.9036664888757419,0.9281941977403095,1.4281951779440445,-3.265296672025167,0.7444977455263956,-0.9089417145612986,1.219607875420411
M4_108989,dust_free,poly3_total,True,1.3826005283508493,-0.41985254354623436,0.762651684897719,1.769398061328277,0.058791691730105455,-0.13807978223816464,0.8681996859340125,-0.9917097142643928,0.9970909107012434,-0.28315997401742754,0.6558149593214422,3.023989329555212,2.366125590194404,1.293658110731591,1.4278214051457243
M4_108989,dust_wide,poly3_total,True,-116.1485034911484,10.795503258502263,24.88347370995325,51.142328789894435,-0.15359111545204662,-5.654701098010148,2.3396259296582813,12.677296105739691,1.7185692861500956,3.2410302760354854,1.3572320401985394,-3.1497759226833884,0.43413423775131266,-4.455180224191284,1.4832307212423617
M4_108989,new_default,poly3_total,True,5.402584831535933,0.05669730245395144,-3.1568629749526735,-7.971830539584763,0.07036458963405856,0.8041993958582117,1.080495531729432,-0.8789512665398442,1.1070220240249897,-0.179457979548134,0.7995321594562145,3.3999522768373756,2.1742694976295165,1.848374289368074,1.418812873957595
M4_108989,new_default_rep1,poly3_total,True,1.9244161637088837,-0.014950258256297033,-2.9257526878500357,-6.548128714442744,0.05603739058264168,0.4806413082448864,1.0043221044868749,-0.8924292029064328,0.921488578419192,-0.16210445843588758,0.6809817006806157,3.3011376338388008,2.0523389118334583,1.5313186396428256,1.3397375662301192
M4_108989,new_default_rep2,poly3_total,True,3.7143255973196574,0.40485827249312756,-1.6947241797752213,-4.336344031311039,0.07459940257706066,0.4410512972096103,1.017724247590418,-0.8477976453601751,0.8637917990719326,-0.0626660371078535,0.7127953329718275,3.4369874295469613,2.176251801904439,1.601931219339973,1.3231702881503704
M4_108989,seed_rep1,poly3_total,True,1.8732289590298024,-0.8625518443992188,0.2891358845809009,0.6695840973816026,0.020185594221333147,-0.03627338984758248,0.9619568267574223,0.054431431687882934,0.9275330703510379,0.0032237582834005445,0.7997798639779027,-0.01940734681246462,0.926334972503757,-0.14800560618568243,1.0258150777952981
M4_108989,seed_rep2,poly3_total,True,0.7745584174681426,-0.6049366900326287,0.22065960709005594,0.46670815027512924,0.01484914024094941,0.06167226042606357,0.7635695615749742,0.12079646976078197,0.8833436889297909,0.06071485306413008,0.8961712155800065,0.01130531486634235,0.8596362725990426,0.04084686606913786,0.9378163989138141
M4_108989,seed_rep3,poly3_total,True,3.5526625410357155,-0.7847188774884462,-0.0763307579618413,-0.1940984598864045,-0.0013974468054263056,0.054079450266999625,0.9506305223064851,0.004778156211084674,0.8255456661572432,0.11473407518641096,0.8246561268079275,-0.24908767795813835,0.9610251920522712,-0.1123330008212011,0.9931244871562228
M4_108989,sfh_cont,poly3_total,True,9.876525493175905,-0.2971002828137781,-4.145579335425282,-9.44815455485287,0.032346253303821015,1.2221168897055408,1.0856371342909612,-0.11110926581804435,0.977934384119263,0.1726910103918683,0.8703299499032938,-0.3993735098973546,0.9564421714970238,0.3569826261345892,1.0506428186391694
M4_108989,tau_cn,poly3_total,True,7.191819273239162,0.2675180274447424,-2.677711946191266,-6.321421957222307,0.06539840870016,0.7570820985543295,1.04740534011546,-0.9235246736505894,1.0121547856183524,-0.13083595193244588,0.7107572703499977,3.513966230101251,2.0269266560986305,1.752251742571873,1.26974687416363
M5_172669,dust_free,poly3_total,True,-1.4315463334951346,-38.25539298209848,11.338945735740708,30.201945009607773,0.009003604759842965,0.020878910016711407,0.9949922823409799,0.5892176868191564,0.8824042906445979,-0.32545953750577117,0.9632016854760237,-5.174229529628551,0.8710703871337858,-1.9602483856150348,1.0949403495754457
M5_172669,dust_wide,poly3_total,True,-2.851628209124101,-54.8166532343715,8.94443715820671,23.36000824861941,0.024277884462051702,6.763866707331731,2.799742768784413,0.5589448759881497,0.777205665833628,-0.8558773563806926,1.0845825476744921,-8.71188194629131,1.5876764416159272,0.5161706287592993,1.991325741786848
M5_172669,new_default,poly3_total,True,-3.290840533861683,-39.66945014764386,8.955639984167647,20.114342147765285,0.004421855212450865,6.426328400673223,2.774856846056318,0.6125717684090568,0.7852787104815246,-0.6080540593793201,1.0849923465871725,-5.586005957633476,0.8390865163735348,1.2268222736798289,1.9237745497464158
M5_172669,new_default_rep1,poly3_total,True,-2.209567791802783,-41.0357398171872,5.881309881748166,11.978963872505686,0.0132055900857031,6.899331251920135,2.3817496851491287,0.6219634174292747,0.7789308941000336,-0.8602704438046015,1.1137770959840476,-5.528623427360479,0.9543296063078378,1.7767007581562517,1.6818951708346408
M5_172669,new_default_rep2,poly3_total,True,-1.4613315435262848,-39.16827181261231,5.822661873331526,15.392238504150644,0.01364541970227462,6.469853710538372,2.4484162517510706,0.18828339348278708,0.906162527335432,-0.8053130721514477,1.1299201063401436,-5.584336163969146,0.8394725884224125,1.5865606893842796,1.804049311017901
M5_172669,seed_rep1,poly3_total,True,-2.5051636813777804,0.7333917798475653,-0.7342562325065956,-1.872792898471305,0.016490433954241546,0.334759464022614,1.7976351195322722,0.4868837371611211,0.8231425751022556,-0.32442950257795533,0.7696435696336315,-0.01822424587291026,0.9439922965531228,0.13573942284439175,1.3216138763551253
M5_172669,seed_rep2,poly3_total,True,0.6041685096279252,-4.266631508201456,1.9861661211762112,4.1786655333781795,0.013922971041471666,1.196949952324447,1.3240383611119049,0.3244731848770879,0.9427435427120812,-0.956434844050869,0.8999769891423133,-0.31648346911255176,0.9403463995786338,0.4890183727929095,0.9241882187582124
M5_172669,seed_rep3,poly3_total,True,0.2504337081063568,-2.414946155281811,-0.1607178702543024,-0.37818414005754375,0.012394788232618748,0.33899423227056225,1.474697509409467,0.4043335398333591,0.850097687140215,-0.487902767075747,1.1607881707340126,-0.16417094688914483,1.0759449625430992,0.1347668361975717,1.0094758785917515
M5_172669,sfh_cont,poly3_total,True,3.813712896049765,-1.3542994301928388,-4.775490370113403,-11.528541607559246,-0.0004383417588997851,5.054355741451608,2.379728396157201,-0.17848133415335676,0.9069124643133393,-0.9941611067455418,1.09415456197501,-0.29850853104050057,1.0233946747269216,2.960489615971334,1.5933527120353117
M5_172669,tau_cn,poly3_total,True,-3.2498324132498055,-38.95008694012465,7.412290028150892,17.37714524763148,0.006447120243053828,6.449982874909572,2.774513910384138,0.4884412873309458,0.8870422753352882,-0.7472578125122032,1.0712806468066713,-5.542114214166022,0.8732435141846666,1.3077647311094973,1.7784530428936172
M5_173928,dust_free,poly3_total,True,-12.524779987674265,-14.828223231709714,10.602540493273409,28.207577937745317,-0.03607485980618996,2.535668345629567,3.169075837722352,0.5626576269417475,1.0668663459735526,0.8682024503140262,1.0801674948853224,-4.891239268734931,0.982992913881504,-0.8389735055045104,1.871648334499498
M5_173928,dust_wide,poly3_total,True,-3.0282277437781886,40.93789073499202,36.82634510539356,98.74721181965361,-0.01634354044196229,-11.617125434278927,2.1946795794838208,40.715508916105485,2.5352223300005283,-1.0503440743596493,1.0106272445365585,-12.747976178467693,1.3545422665901943,-13.877813010937333,1.880550269130389
M5_173928,new_default,poly3_total,True,-14.775619815962273,-12.399259766413863,5.5638516172766685,15.364991178911692,-0.040834352949628894,4.107466237323262,3.5813291219528196,0.3913231794204768,1.6590644261809724,0.9462714839463098,1.1975139061259312,-4.730221042271479,0.9124703359221356,0.44807949185714135,2.1762548313927494
M5_173928,sfh_cont,poly3_total,True,-4.0437858019922714,0.46051675740314124,-5.228016965003917,-12.077173837504134,-0.06599383626080346,2.9029486579876935,3.6044655325056816,-1.783555865201284,2.6374298057806467,0.3231655705721223,1.1161295903850585,0.11833713605310742,1.047649299645644,2.053006391281693,2.077825781259185
M5_173928,tau_cn,poly3_total,True,-11.665110149684551,-12.897847651598234,4.9722628567542415,12.578740932918137,-0.04319300642886503,2.7173714382732665,1.958151039768936,0.4895442356846552,1.2922973588212472,0.41669621616292213,1.1529484102644014,-5.022752369025938,0.838834588317651,-0.5237269516332468,1.4331831410266418
