object_id,dust_index_q16,dust_index_q50,dust_index_q84
172669,-0.9927781989473266,-0.9747171616631404,-0.9405105120263237
233129,-0.9986279326967249,-0.9947813312384721,-0.9867076047983622
210210,-0.9982077830597964,-0.9923818371264173,-0.9800706223945636
181945,-0.9963000702312437,-0.9862792634834953,-0.9664799158714009
133501,-0.996818162159642,-0.9878416067835437,-0.969267114012528
38648,-0.9055613623559005,-0.8421747375332641,-0.7775258141396293
226316,-0.9875338920568553,-0.9478753123766204,-0.8398276378597062
233169,-0.9868643467345493,-0.9438959283044898,-0.5095744357944827
134391,-0.9728546751355773,-0.922477681650352,-0.8535299860540831
130052,-0.9371314659265362,-0.3001515699873094,0.19277640168182889
160400,-0.9974561441400215,-0.9901757972028117,-0.973978510270354
245252,-0.998254772335827,-0.9932483707256473,-0.982884127443393
205742,-0.9973247148455081,-0.9892719341113239,-0.9728982215882578
213772,-0.9979202573250536,-0.9919806812146261,-0.9803237884466796
150848,-0.9978754594663884,-0.9920460263966293,-0.9802925548976397
161346,-0.9934939480058971,-0.9744962056962816,-0.9330538160642169
162149,-0.994312380541546,-0.9782899078972755,-0.9439532309797308
231276,-0.997429216864334,-0.9900020542991788,-0.9744543540069093
113852,-0.9979865171636362,-0.9918444740958332,-0.9794204967908102
213004,0.37372874341460083,0.3897428425480955,0.397376294462874
105474,-0.8154810027278877,-0.7243004655755555,-0.6313284834057457
228215,-0.9960542217638253,-0.98494679977062,-0.9651042370172951
218207,0.31925647573395866,0.3668484240312053,0.39157817787451304
216730,-0.9901326155145744,-0.962957630513171,-0.9145507635457756
232627,-0.8542260101332022,-0.46341765593727713,-0.030487751858662322
228380,-0.9811857444741661,-0.9380231707169238,-0.8691097080252569
117400,-0.9972969211338082,-0.9897435606512792,-0.9708433840172994
257455,-0.9950021702933005,-0.9814552983630964,-0.9509345597085277
250391,-0.3547379122825735,-0.24097711762098936,-0.1083410178806015
215585,0.2750139242843885,0.3395531729206867,0.3822749745669275
119474,-0.9941416852982616,-0.9769636423352138,-0.9355703001115785
206669,-0.9849395430248605,-0.9357170150099954,-0.8228080954947407
211157,-0.9959797916294444,-0.9851349306500642,-0.9613408216994822
102456,-0.9965626112398468,-0.986701396633509,-0.9670068268604516
91529,-0.8913758111502795,-0.3239663514790026,-0.10264720568745081
238314,-0.9961198851603567,-0.9850810234554868,-0.9640997039776319
77632,-0.9972217301199863,-0.9888578009773534,-0.9706367752926623
124231,-0.9851788822345416,-0.9490487543025145,-0.8853814691743701
221163,-0.9983551351737463,-0.9935781434125648,-0.9838542138235155
206858,-0.9862862561811058,-0.9491136882765185,-0.8767598061659795
205715,-0.9984142723654104,-0.993493408882873,-0.9828203081777013
148698,-0.9820062477909435,-0.9311668308157757,-0.8275108608664907
229551,0.05803295486385152,0.30781693411883926,0.3771913904113659
111390,-0.997599458193758,-0.990775398858022,-0.9764849351963706
236994,-0.9911072411060368,-0.9677689540467383,-0.925850556050612
236682,-0.9980847393466163,-0.9924783088271062,-0.9804019957661901
124875,-0.9974094578063005,-0.9905025166827872,-0.976224774722615
206545,-0.9966428384112431,-0.9867400531984643,-0.9657771590855059
232962,-0.9977689307005106,-0.9908798301067314,-0.9769593364541107
77745,-0.9963836971110651,-0.9852771653446123,-0.9618575544770427
218701,-0.9899723871478919,-0.9601575766239081,-0.8909930961657518
248217,-0.040290127435009315,0.1337272335947334,0.2842296488598808
94494,-0.997376406078492,-0.9899797683189878,-0.9741851947633778
206501,-0.9956997354166727,-0.9838658870085896,-0.9606996492164298
147539,-0.9969641708784305,-0.9883807522814989,-0.9703978973742287
184916,-0.9949331657240698,-0.9812607644449111,-0.9537132724186329
147849,-0.9973046034896961,-0.9891245982210713,-0.9709207528609107
227516,-0.9983993852643761,-0.9935493093225,-0.9833954673481655
211347,-0.9956383936803919,-0.9828390242288473,-0.956916461670358
226721,-0.9853073041159917,-0.9467137493573599,-0.8747162810438339
244738,-0.9968762668716822,-0.9877664019649307,-0.9692023474544972
120308,-0.9966970411183419,-0.9873926165745587,-0.9678945555968944
241189,-0.9966952088785512,-0.9875137085082317,-0.9657611372779135
232005,-0.9523966470333978,-0.8566440898441329,-0.7372153304354968
225441,-0.9029513157906626,-0.7290775322988589,-0.4843936191941479
211767,-0.9975800724158034,-0.990900935451237,-0.9792363820216038
139423,-0.7242137137548437,-0.6076526785653704,-0.48735933198122283
125213,-0.9968602068103656,-0.9880362176286779,-0.9684979328584757
31835,-0.10881985812159467,0.1351827885113969,0.2933003862876177
213587,-0.995363296742056,-0.9822169196505948,-0.9551720892175732
246149,-0.9961988302544097,-0.985236491867919,-0.9609603067753175
231544,-0.9558030045322473,-0.7820086754840805,-0.29532455639982913
128311,-0.9976450282439544,-0.9901004659677564,-0.9746855903687462
122242,-0.9961860790656788,-0.9845954761809768,-0.9604025623371294
134021,-0.8285751577302547,-0.7360529800992718,-0.6475516791833205
119802,-0.9876137239910355,-0.9596900242056301,-0.9183988207272331
208364,-0.9954957851270725,-0.9840871546943808,-0.9576371937880964
165871,-0.9954543656754654,-0.9824761255631842,-0.9565813948323901
237437,-0.9867155564497967,-0.9497793995697353,-0.889960377790712
244239,-0.9958320014254034,-0.983815481918921,-0.9622405979754943
238580,-0.9916505734846199,-0.9683121631664102,-0.9179647150822084
109713,-0.9879259942447498,-0.9564120648678732,-0.9072332667115552
117694,-0.9923973695911901,-0.9702183373047834,-0.9033560956538988
197591,-0.9957071891643563,-0.9843388660887255,-0.9609419713336932
109352,-0.9739222001364402,-0.9141900295668359,-0.8358788300177289
107362,-0.9974201176476023,-0.9904665111453128,-0.9748487321225998
37723,-0.9941125679334181,-0.9769354219620882,-0.9401362000264092
230747,-0.008964593662130847,0.16302290200249603,0.3112344047439309
88032,0.031083431757710497,0.22020670546567195,0.33800997038371616
229883,-0.9971038615228933,-0.9888953067813793,-0.9714615485595418
243871,-0.9885217487616363,-0.9591861430480597,-0.9004731473145353
180774,-0.9824962868100149,-0.9320192942462874,-0.8265644157471087
230983,-0.2803487726721942,0.005590811516644663,0.23194261671947775
185653,0.08676458842130237,0.2574342521533074,0.3597149456611992
108989,-0.1332354143072536,0.14262204020466138,0.315911556279321
27068,-0.711413310538171,-0.63611918303033,-0.5570035114061923
216899,0.2507971772257268,0.3578542175841888,0.3904976642726766
37023,-0.9897783654815528,-0.9629759130226223,-0.9158722472744754
107643,-0.9940643842488617,-0.9768583081547307,-0.9414586418516605
123161,-0.982619293040166,-0.9298175125792411,-0.8289275203620744
147270,-0.9935918599359844,-0.9746867391413144,-0.9366367190465757
225431,-0.993213272703377,-0.9731832825408178,-0.9329572884120144
248829,-0.015573152736984168,0.15136803749385733,0.26985260268763916
212391,-0.635326780489865,-0.23040186857473327,0.11966542336023447
227672,-0.8070437636764324,-0.622139211269887,-0.45568107032107197
237641,-0.9575290690423631,-0.8878224830940779,-0.7975781141386681
146213,-0.9917284323911985,-0.9689888154273338,-0.9248490354710214
214296,-0.5274559195689582,-0.35164867679690825,-0.16052930942137433
233902,-0.9957054479539389,-0.9827911737669963,-0.9555876341152723
120372,-0.99912038195398,-0.9966193714046179,-0.9914716264832956
227630,-0.9907693905455952,-0.962756884635634,-0.9075300279449183
163989,-0.9733628719164892,-0.8780712655988259,-0.48672246375896816
214899,-0.7597348124839465,-0.41495665076334076,-0.08476931444729649
129596,-0.9928009558524293,-0.9723550552665849,-0.9320984450055604
117010,-0.7834765481062721,-0.5895150419591532,-0.36996026031830026
130005,-0.7728340662563302,-0.4497409254492708,-0.15361158384597137
208622,-0.993187001938947,-0.9721360921603812,-0.9251139271513388
107370,-0.9926291837379039,-0.9724425325574849,-0.9291108489394343
215519,-0.9742406004808921,-0.8865025974750667,-0.6999817679807236
139662,0.3346864105398136,0.3752295056765225,0.39379971267467023
145276,-0.9698851765701078,-0.8827568736620317,-0.6893648809013578
245621,0.04266002543035975,0.2083664623317985,0.32932654160815017
182890,0.014551957191093475,0.14162264174607547,0.25361576219754695
92132,0.026692792254805055,0.21346925975535233,0.3356743637880841
152125,0.1349203303511228,0.23184077099785988,0.3143418498569189
240899,-0.9494973703058205,-0.8627081053309587,-0.7560845767048359
214430,-0.9563985767889267,0.08918620958532794,0.26934309514244587
126578,-0.8304677731408903,-0.6264856878478882,-0.3765717356750101
120540,-0.9984377924052843,-0.9941288841195914,-0.9848075336097655
37219,-0.9913532272353928,-0.9656860622368554,-0.9053649944149553
84337,-0.962054833553035,-0.720741298633046,0.09793505875937883
259737,-0.988757200824758,-0.9584761721793017,-0.9025589601873969
228717,-0.9984658743629429,-0.9939781061390692,-0.9850013990138928
103366,-0.9686972264233668,-0.8994888349737518,-0.8020243425313985
205765,-0.9936499055247748,-0.975796033922315,-0.9353837435520264
122025,-0.056204711404647875,0.10829012316593586,0.24505050309801787
210940,-0.14706381763548926,-0.024121729724473098,0.0890110593923001
120488,-0.9980017960627632,-0.9914723615705856,-0.9803428577350088
254350,0.0534174716165356,0.19991919426643368,0.3110260962404958
245864,-0.679226928042018,-0.36330075223385916,0.04820676893202488
173928,-0.9947596976286351,-0.9788297456150302,-0.9401244098267253
93943,-0.1623530678714096,-0.02318185808019056,0.09941811534152707
109843,-0.9855529306213804,-0.9497649750395897,-0.8875216373236752
217020,-0.9879160341619216,-0.9533918640776909,-0.8787551562274477
162587,-0.9911559362701875,-0.9679874052159122,-0.9206295597536138
161113,-0.9752180153539077,-0.9027584012498872,-0.7712307102898887
232890,-0.20833323983878183,0.10784146708917666,0.2935699537462842
38771,-0.8388088997497387,-0.6562911950841898,-0.4246806599484443
206771,-0.005526625484635075,0.16313361721106737,0.29824104717898287
225678,-0.54776645185164,-0.42379264298276353,-0.3031611015163594
143127,-0.9747210982981966,-0.8550210100086881,-0.31567611757601727
212718,-0.9717658977840423,-0.8906074900451607,-0.7166785566252951
133240,-0.9919273485474414,-0.9700741104717548,-0.9253392243727699
101830,0.22481268321359857,0.3166926356560606,0.376289008106735
181421,0.32395400604066715,0.37128360910818264,0.3925391988670745
156118,-0.17230271845834688,0.02521154327245236,0.1937129021331099
231554,-0.07943805461003457,0.15724676888244632,0.3224818450983003
126153,-0.8367285541339494,-0.7152214565451037,-0.5954865056516718
89153,-0.6002073299447838,-0.4855771681692152,-0.39269306281547345
120758,-0.9941064695882432,-0.977681710579415,-0.9391433795982777
38646,-0.9974759643103375,-0.9899473851229625,-0.9729504626165519
102968,-0.9982512636194008,-0.9935779710681127,-0.9837046747543671
245763,0.1694694535831809,0.28206543307727755,0.357148041527347
255047,0.0749502783610552,0.27466882566340706,0.3653346889868897
201233,-0.9523666298182778,-0.8309155269636699,-0.6088373294735552
101089,-0.844525583310665,-0.4096308720794183,0.047857994758795964
258753,0.1732263117726354,0.3066488677229685,0.37409195437649434
167056,-0.9854467796611174,-0.9417973210192352,-0.852090761636332
36550,-0.2760648883143101,-0.0643542996055654,0.09246570906981462
87207,-0.9606236803606496,-0.7812752430800067,0.03852222911238261
166634,-0.9924460989530809,-0.9710118281877483,-0.9338493826341343
121482,-0.013742729124569432,0.20741767302859065,0.341149944440113
189698,-0.1249393306158853,0.10028450885509117,0.2764006738491343
89072,-0.06121655464810318,0.10683469778526833,0.2531642980374497
97310,-0.9115374252670034,-0.8085325386489985,-0.7062388322946935
191718,-0.00041188392344343764,0.166050259300697,0.29927814389728713
39865,-0.26935027918223997,0.018409904159147873,0.2245827975331865
98104,-0.29635853249725985,-0.09187074820050191,0.07281500502243402
37843,-0.04359236267208959,0.14765649045123636,0.28166308491511777
112534,0.12540664993786574,0.2806271329428696,0.3665749515848905
127946,-0.778520957840162,-0.6199264604944164,-0.4414627164162541
119809,0.18629367258902266,0.36036195509543967,0.39060579758947933
185631,-0.7924574241574118,-0.4033307203280042,0.024270485908455673
253688,-0.5109623049462922,-0.21021144517883777,0.0944409174640249
244680,-0.20752199343848232,-0.03592373010957081,0.11929482490171538
217564,0.19782771465459975,0.2674745938323679,0.3284341377189031
104877,0.18500540842597724,0.31727634554652706,0.37922399963176795
