arm,target,photometry,floor,fit,order,dust_law,free_index,dust_prior,n_pix,lnZ,lnZ_err,calls,wall_s,ess,phot_chi2,n_bands,drop_bands,chi_u,chi_B,chi_V,chi_r,chi_i,chi_z,chi_Y,chi_J,chi_H,chi_Ks,chi_ch1,chi_ch2,logmass_q50,logmass_hw,Z_q50,Z_hw,afe_q50,afe_hw,mass_weighted_age_gyr_q50,mass_weighted_age_gyr_hw,spectrum_scaling_q50,spectrum_scaling_hw,f_calib_percent_q50,f_calib_percent_hw,tau_dust_q50,tau_dust_hw,tau_param,poly_min,poly_max,poly_tilt_pct,diffuse_dust_index_q50,diffuse_dust_index_hw
M4_108989_ap3_calzetti,M4_108989,cosmos_ap3,0.05,both,0,calzetti,False,,3735,243110.34482898036,0.20702480336062284,1293500,163.7410299249459,3450.737431621963,80.75431418039499,12,,-2.64,-1.04,3.31,2.33,1.14,1.63,-1.16,-2.17,-3.41,-2.36,4.26,3.33,11.742235065183571,0.015047330636420497,-1.8200322088384029,0.0197542560487991,-0.11874360858580842,0.011600889964619464,4.543911161935057,0.08510860616753924,1.5588792721773932,0.02813013269686304,4.6715078469379385,0.11008965505935775,0.6377409497469017,0.023575410806837782,diffuse_tau_cal00,,,,,
M4_108989_ap3_floor02_baseline,M4_108989,cosmos_ap3,0.02,both,0,kriek_conroy,False,,3735,242832.16536096027,0.2575680801758147,1280500,167.4961244740989,3463.9043432451717,686.4175142304764,12,,-3.87,-6.2,3.9,3.71,1.14,2.28,-4.77,-6.45,-7.34,-2.22,15.68,15.12,11.656602235772427,0.010575813096291853,-1.812188883743264,0.016049322329188986,-0.07929548127821531,0.011315361837891794,4.643768028970985,0.09930773104083235,1.512004242577196,0.015007507853226798,4.63073251302497,0.10333585121633426,0.36747834724732054,0.011005941084739512,diffuse_tau_kc,,,,,
M4_108989_ap3_floor02_poly3,M4_108989,cosmos_ap3,0.02,both,3,kriek_conroy,False,,3735,243072.80764643932,0.29499664010527604,1345500,266.22399777080864,3387.893710283068,610.3860657211324,12,,-3.23,-6.86,5.7,8.27,5.18,4.46,-3.3,-5.24,-8.89,-6.96,11.12,10.76,11.558651613499013,0.006846558505200662,-1.4578232947269263,0.02355556490906152,-0.17973476058736831,0.011004589259411501,3.0085089321004146,0.028053382771814128,1.6951492245596955,0.02600716555888416,4.260984616100323,0.10696879305064666,0.4969081722836828,0.014596751438529287,diffuse_tau_kc,0.8874440207650041,1.1359565326882048,-17.471139046100813,,
M4_108989_ap3_floor05_baseline,M4_108989,cosmos_ap3,0.05,both,0,kriek_conroy,False,,3735,243099.42504340468,0.19184143065798567,1300000,167.7191756530665,3771.2518687703405,138.2557195946742,12,,-2.95,-3.49,2.54,1.61,0.23,0.75,-1.98,-2.41,-2.45,-0.3,6.9,6.65,11.641186793901936,0.013250354758753247,-1.815502453823427,0.018717338878182943,-0.10601834958701911,0.009858656834223045,4.650455201329425,0.09490757048673215,1.4890723230431622,0.028108867042235586,4.623561179559426,0.11935271577701823,0.33279600162653156,0.014296399922039432,diffuse_tau_kc,,,,,
M4_108989_ap3_floor05_poly3,M4_108989,cosmos_ap3,0.05,both,3,kriek_conroy,False,,3735,243306.65160399856,0.2623973114118306,1313000,264.8180514751002,3643.215736090474,156.68123988142318,12,,-2.04,-4.8,4.56,5.46,3.45,2.68,-0.69,-1.94,-4.18,-3.86,3.52,3.28,11.59149311132633,0.013071372014604954,-1.4018218293578104,0.028904177138344256,-0.16688552811261176,0.012181172083313402,3.021681718420678,0.06382451710801229,1.8228852420673278,0.04637254220902354,4.227566546046388,0.10907804449187308,0.57680150848501,0.021461931995327865,diffuse_tau_kc,0.8688299348539588,1.1460089528825417,-20.167465050214673,,
M4_108989_ap3_floor15_baseline,M4_108989,cosmos_ap3,0.15,both,0,kriek_conroy,False,,3735,243187.52923781745,0.2556015670754644,1553500,203.4965429569129,4440.677631676027,125.72809525960413,12,,-6.41,-5.37,1.69,2.34,2.28,2.42,1.85,1.84,1.62,1.84,3.45,3.41,11.365959903047843,0.029518045185183084,-1.4061980705639667,0.035567390590503734,-0.07573598307751703,0.011787679796225081,3.0902588316709245,0.1812190969748153,2.2344748627929487,0.10226648930312177,4.5280658190134995,0.1000884569881646,0.36060807235512116,0.014833916613212067,diffuse_tau_kc,,,,,
M4_108989_ap3_floor15_poly3,M4_108989,cosmos_ap3,0.15,both,3,kriek_conroy,False,,3735,243363.30877606117,0.39582330411760147,1430000,287.5185374808498,3768.018118421816,27.29737137480466,12,,-1.75,-2.75,1.79,2.07,1.41,1.11,0.01,-0.47,-1.33,-1.37,1.06,0.98,11.60949532466826,0.028599018374860563,-1.3383264339592322,0.03001057453598055,-0.1533320815683864,0.012141990603523445,3.039042263520849,0.09456632269358711,1.9012779963986155,0.08190883002230376,4.212734745351334,0.10242973583949189,0.6129650145412064,0.02837463235868265,diffuse_tau_kc,0.8658730921932529,1.1360303929553002,-20.153583164791566,,
M4_108989_ap3_freeindex,M4_108989,cosmos_ap3,0.05,both,0,kriek_conroy,True,,3735,243113.93022660873,0.28267559560048283,1326000,261.8431707210839,3757.846167807526,72.39119234019664,12,,-2.88,-1.25,3.3,2.51,1.46,1.96,-0.79,-1.87,-3.46,-2.83,3.3,2.09,11.77313482708503,0.023665916050483737,-1.7999531381035876,0.02128762788255134,-0.12104455318379087,0.01123282534161485,4.4859526943418855,0.1055732847665567,1.590490519429346,0.03345296516842511,4.673311004709642,0.1094749666880741,0.7446069702644926,0.06586481049115173,diffuse_tau_kc,,,,0.13961523923230484,0.07483657759591299
M4_108989_cosmos_total_baseline,M4_108989,cosmos_total,0.05,both,0,kriek_conroy,False,,3735,243158.88261793854,0.2693577734300476,1319500,171.17839070013724,3802.0502333166946,68.24447529964331,12,,-5.37,-3.7,1.55,2.99,2.41,1.17,0.23,0.33,0.77,1.43,-1.51,-1.44,11.798309690285333,0.015768614980951057,-1.6756358717786464,0.02588403444322218,-0.10481108821702509,0.010991367755440858,4.184951096769998,0.12735288758333674,0.9169462684527356,0.019988651766005783,4.545597290137063,0.11445065512981767,0.30566482052581445,0.015878815264525892,diffuse_tau_kc,,,,,
M4_108989_cosmos_total_poly1_dustprior,M4_108989,cosmos_total,0.05,both,1,kriek_conroy,False,"[0.43132, 0.11944]",3735,243200.32713210964,0.29348876818459585,1222000,179.80442867893726,3486.700041103792,171.7431043095572,12,,-3.97,-4.01,3.57,6.19,5.35,3.46,2.09,1.59,0.59,-0.17,-4.56,-4.49,11.761944535239358,0.010395038780893984,-1.3565461619678698,0.019548956627163383,-0.09744256925153241,0.010650371085538499,3.0107804616560463,0.03793361978063192,1.118202959760205,0.025428516318660388,4.430770496090453,0.11126489686190588,0.48489477123017966,0.01764487450337307,diffuse_tau_kc,0.9304832872425672,1.0695167127574328,-11.951771139382938,,
M4_108989_cosmos_total_poly3,M4_108989,cosmos_total,0.05,both,3,kriek_conroy,False,,3735,243342.2656863186,0.2984513891004294,1202500,241.12241403898224,3695.1789479782274,12.268355564765594,12,,-2.16,-0.32,0.11,0.66,0.4,-0.42,-1.14,-0.65,0.79,2.09,0.01,0.01,11.80382041398314,0.015657796493584897,-1.8560866229842827,0.0288733297930579,-0.1868274147665768,0.009428451409664335,4.555906985549761,0.10375998796080577,0.8240074170230804,0.019889564654237968,4.313061967126476,0.09840375106865373,0.24600541363706002,0.024901588895963722,diffuse_tau_kc,0.9563497078504908,1.0364735714757178,0.42019000050510513,,
M4_108989_photonly_ap3,M4_108989,cosmos_ap3,0.05,photometry,0,kriek_conroy,False,,3735,204.674846634555,0.13686974505870417,663000,31.37700412911363,2999.4677940694937,68.6417359410723,12,,4.02,-2.33,0.41,1.15,-1.38,3.24,1.28,0.41,-2.65,-3.43,2.83,2.15,10.857646629927252,0.07661780250390304,-1.3290211584865386,0.135328704575716,0.22522893273358147,0.2520380343796182,0.2327680678363182,0.29536226045125513,,,,,1.3844171415971225,0.0666672813089012,diffuse_tau_kc,,,,,
M4_108989_photonly_cosmos_total,M4_108989,cosmos_total,0.05,photometry,0,kriek_conroy,False,,3735,232.55471049873552,0.14850312868880336,565500,27.27040970302187,2703.9024126726304,5.642838615419038,12,,0.29,0.07,0.4,0.45,-0.48,0.15,-0.58,-0.99,0.16,1.84,0.07,-0.44,11.809198421417115,0.10209533810375593,-2.3513553850942066,0.2947106581622414,0.2283379544110688,0.23801022182081893,4.639973105925737,1.242338246039097,,,,,0.43132355546611023,0.11943891310997146,diffuse_tau_kc,,,,,
M4_108989_speconly,M4_108989,cosmos_ap3,0.05,spectrum,0,kriek_conroy,False,,3735,243030.35605676647,0.2894074859574189,1183000,147.3894962379709,3233.9549861273786,3826.2591213344185,12,,-32.64,-46.49,-10.1,-6.72,-6.97,-6.07,-9.27,-9.1,-10.44,-9.47,0.28,0.06,11.674844929509897,0.09165390779215254,-1.3167983784473694,0.02716882206898752,-0.06760640450573885,0.011890798660263373,3.0035176788846236,0.03798458072488886,1.0854817588529384,0.22182474171377742,4.548520819489554,0.10162784810619829,0.33934034144202363,0.013551460789457515,diffuse_tau_kc,,,,,
M4_108989_total_allbands_baseline,M4_108989,cosmos_total,0.05,both,0,kriek_conroy,False,,3735,243158.74425827657,0.3450616322903177,1326000,253.9522361708805,3783.3555265270256,67.00018840219458,12,,-5.28,-3.65,1.56,3.02,2.44,1.18,0.23,0.38,0.81,1.49,-1.44,-1.36,11.796596225400489,0.013945954376204384,-1.6731309218784358,0.02496235782151801,-0.10485698740281914,0.0108428609419935,4.180652736920493,0.11527240190795673,0.9177349365668648,0.020161794242903652,4.538542855366133,0.11023923937544566,0.3039955169847547,0.015772193505382226,diffuse_tau_kc,,,,,
M4_108989_total_allbands_poly3,M4_108989,cosmos_total,0.05,both,3,kriek_conroy,False,,3735,243342.2656863186,0.26144529729997945,1202500,349.10167506569996,3695.1789479782274,12.268356109383665,12,,-2.16,-0.32,0.11,0.66,0.4,-0.42,-1.14,-0.65,0.79,2.09,0.01,0.01,11.80382041398314,0.015657796493584897,-1.8560866229842827,0.0288733297930579,-0.1868274147665768,0.009428451409664335,4.555906985549761,0.10375998796080577,0.8240074170230804,0.019889564654237968,4.313061967126476,0.09840375106865373,0.24600541363706002,0.024901588895963722,diffuse_tau_kc,0.9563497078504908,1.0364735714757178,0.42019000050510513,,
M4_108989_total_noirac_baseline,M4_108989,cosmos_total,0.05,both,0,kriek_conroy,False,,3735,243124.04617623537,0.3053040333061416,1300000,247.5467202346772,3767.4637624611173,54.02990705833048,10,ch1 ch2,-5.11,-3.63,1.33,2.68,2.03,0.83,-0.33,-0.18,0.21,0.9,,,11.815978138949248,0.023884234062426124,-1.690829857469766,0.046131498376916436,-0.10461366446783887,0.010856924232096526,4.2480077245698755,0.17698640799080279,0.8998214049399647,0.020663118713466266,4.552895905095696,0.1142943992743608,0.31601890336687616,0.017594865633469153,diffuse_tau_kc,,,,,
M4_108989_total_noirac_nou_baseline,M4_108989,cosmos_total,0.05,both,0,kriek_conroy,False,,3735,243124.04711857467,0.16350262427373313,1267500,248.56935342494398,3512.6667651287416,70.44263309547543,9,ch1 ch2 u,,-7.32,0.68,2.72,2.4,1.16,0.31,0.41,0.64,1.08,,,11.796694602889577,0.018079962422036466,-1.616391762686452,0.02596094638857538,-0.09399516023289971,0.010574188766011544,4.051276279827441,0.14028914883204813,0.9169269769200907,0.020356065848865623,4.51127452738435,0.10932325364100226,0.31686920472424407,0.014518895750147587,diffuse_tau_kc,,,,,
M4_108989_total_noirac_nou_poly3,M4_108989,cosmos_total,0.05,both,3,kriek_conroy,False,,3735,243290.55224641538,0.2761793752497434,1189500,358.6617615139112,3773.4331771107854,45.197698218451656,9,ch1 ch2 u,,-4.56,1.66,3.55,2.59,0.82,-0.42,-0.62,-0.76,-0.75,,,11.802174729494315,0.027063171253004725,-1.567501113690669,0.07176238448580241,-0.17034182671170223,0.012575095512950468,3.702246995688336,0.39847935108585597,0.9426030972373942,0.03414084757876068,4.260346805571802,0.09888364052902388,0.414419840487273,0.04599231263763856,diffuse_tau_kc,0.922472201595014,1.0939574366621412,-11.33218943134674,,
M4_108989_total_noirac_poly3,M4_108989,cosmos_total,0.05,both,3,kriek_conroy,False,,3735,243305.92965676013,0.35958778805046815,1176500,356.675841064658,3603.30395806233,66.9225384121823,10,ch1 ch2,-3.35,-3.24,2.47,4.6,3.33,1.3,-0.39,-0.69,-1.3,-1.69,,,11.800884336577742,0.020811928551476733,-1.4590903374390767,0.11476689690664499,-0.1701299714401789,0.01221535787062017,3.1669338514648615,0.4606817993386132,0.9912187624084832,0.058824618813473506,4.267943931299406,0.11079596053074026,0.4880599604422903,0.06938487779532815,diffuse_tau_kc,0.8999516401377874,1.111642866070827,-15.042173317665474,,
M4_108989_total_noirac_speconly,M4_108989,cosmos_total,0.05,spectrum,0,kriek_conroy,False,,3735,243030.35605676647,0.34724193637029627,1183000,222.46884872484952,3233.9549861273786,521.0324759702039,10,ch1 ch2,-13.93,-14.63,0.2,4.51,5.1,4.25,3.45,3.79,3.5,3.14,,,11.674844929509897,0.09165390779215254,-1.3167983784473694,0.02716882206898752,-0.06760640450573885,0.011890798660263373,3.0035176788846236,0.03798458072488886,1.0854817588529384,0.22182474171377742,4.548520819489554,0.10162784810619829,0.33934034144202363,0.013551460789457515,diffuse_tau_kc,,,,,
M4_108989_uvista_total_baseline,M4_108989,uvista_total,0.05,both,0,kriek_conroy,False,,3735,243154.38672206752,0.24184531008670623,1280500,164.87730605714023,3767.307871143934,33.662790223419506,12,,-2.89,-3.96,1.01,1.73,1.89,0.61,-0.12,-0.92,-0.26,0.5,0.7,-0.19,11.772683401906415,0.013837205652389883,-1.7922155580274948,0.022835921320453645,-0.1091734013730662,0.011114131853805317,4.587804638320774,0.10756639812234337,1.0712900884514487,0.020539272612631443,4.599670700641772,0.10909979237885059,0.3195554043515487,0.013908386885263635,diffuse_tau_kc,,,,,
M4_108989_uvista_total_poly3,M4_108989,uvista_total,0.05,both,3,kriek_conroy,False,,3735,243340.5678277429,0.18853259247977977,1170000,233.9663084440399,3714.2906952031667,10.673606905202615,12,,-1.29,-1.56,-0.04,0.33,0.72,-0.2,-0.7,-1.2,0.09,1.2,1.47,0.61,11.738272274044565,0.017420394404633832,-1.8544486715282296,0.02996262477599554,-0.18609731315706574,0.010472077506969352,4.529089604892803,0.11082385580204379,1.0089616921773437,0.027656623867189922,4.303139225399693,0.10473897359518247,0.28115132104796187,0.03000424156710177,diffuse_tau_kc,0.9624487523063244,1.0449245908575038,-2.159445730527765,,
M5_172669_ap3_calzetti,M5_172669,cosmos_ap3,0.05,both,0,calzetti,False,,3602,232732.0741894702,0.1367573552924591,1157000,152.99215927813202,3058.2379021210354,167.8461654110606,12,,-3.52,-5.65,-0.37,-1.71,-1.8,1.1,-0.02,0.76,1.66,3.23,6.91,7.38,11.112512641433225,0.007509645396356568,-1.722154293748421,0.011135845867598082,0.13456011418294883,0.014539022607916757,1.6647580444737644,0.024961039428385234,1.2421380482458924,0.019346290230528917,2.8955427627155292,0.037905655142584926,0.0218419683893854,0.00797043945641861,diffuse_tau_cal00,,,,,
M5_172669_ap3_floor02_baseline,M5_172669,cosmos_ap3,0.02,both,0,kriek_conroy,False,,3602,232445.13972031913,0.2526970824043733,1293500,170.8787814360112,3567.59353559719,558.9193327660755,12,,-3.99,-9.53,-0.14,-4.35,-5.27,1.65,-1.56,-0.75,0.48,3.99,13.17,14.49,11.146394859486703,0.0035758507363023995,-1.7323221350057734,0.005806228884129072,0.30308533444151053,0.01544986295560602,1.6134109863435269,0.01642617876261232,1.2214661667976698,0.007680772891882293,2.995597994349241,0.04407937127863315,0.06121034594726766,0.00792742295084491,diffuse_tau_kc,,,,,
M5_172669_ap3_floor02_poly3,M5_172669,cosmos_ap3,0.02,both,3,kriek_conroy,False,,3602,232727.7292257868,0.23991004508340052,1371500,295.31416470743716,4033.9294712416363,293.6221478227212,12,,-1.0,-4.02,8.1,4.34,0.13,2.8,-2.92,-4.85,-6.14,-3.63,6.48,7.69,11.270003771630357,0.010337355305882312,-1.6872583516290325,0.02664579274674317,0.060933676131182724,0.01959577155603414,2.24997981319638,0.11437970424122645,1.3557951974896985,0.013394157001645146,2.8361346398176064,0.03938924501271668,0.3396842594989593,0.01590892395980767,diffuse_tau_kc,0.906407892927386,1.1047816802631272,-16.00850874959199,,
M5_172669_ap3_floor05_baseline,M5_172669,cosmos_ap3,0.05,both,0,kriek_conroy,False,,3602,232731.17555447924,0.25737292075744966,1176500,156.04806138388813,3069.8106541592374,169.30128496841147,12,,-3.33,-5.68,-0.47,-1.82,-1.92,1.02,-0.07,0.73,1.65,3.26,6.96,7.44,11.109907620919014,0.0069940714714409324,-1.7227682083632887,0.011247046699352281,0.1343866622158548,0.01421542301287771,1.665683003265142,0.025244608246460132,1.2361131918308117,0.018135003273361594,2.894309984725745,0.04010565299683755,0.011519196761961255,0.004521422449725415,diffuse_tau_kc,,,,,
M5_172669_ap3_floor05_poly3,M5_172669,cosmos_ap3,0.05,both,3,kriek_conroy,False,,3602,232859.22704334068,0.2044705319391582,1170000,262.87778253108263,3243.931836432096,88.1681659806136,12,,-1.91,-2.31,5.24,4.15,2.08,2.4,-0.21,-1.7,-3.12,-2.67,1.24,1.75,11.249001743610076,0.018037233359208038,-1.593207885726405,0.027196248572375903,0.019169444198234083,0.025467567235406982,1.7314142600778069,0.27582611277120395,1.5126376394846694,0.02875706916556897,2.789481070894892,0.03445969407091187,0.5143697599160698,0.02483022330782675,diffuse_tau_kc,0.8720112011962824,1.1474595605315554,-21.66836295124971,,
M5_172669_ap3_floor15_baseline,M5_172669,cosmos_ap3,0.15,both,0,kriek_conroy,False,,3602,232802.33510271294,0.2111708203039057,1261000,173.82799887098372,4353.426713920279,41.01069383968128,12,,-3.28,-2.53,0.31,0.08,0.13,1.01,0.7,0.97,1.25,1.72,2.82,2.97,11.067405592140098,0.02153926399798678,-1.6964663022419701,0.020777290905956036,0.0721305043865909,0.017685193547780583,1.8449364045097574,0.10761791152094335,1.3856864006793512,0.06873350991768024,2.8668364759988663,0.03432040305687711,0.014913286701642414,0.006977983791843703,diffuse_tau_kc,,,,,
M5_172669_ap3_floor15_poly3,M5_172669,cosmos_ap3,0.15,both,3,kriek_conroy,False,,3602,232893.36055736177,0.14879723594038916,1170000,265.1934493808076,3234.5166901276584,13.385104485267373,12,,-0.48,-0.76,2.02,1.76,1.08,1.05,0.13,-0.5,-1.19,-1.18,0.08,0.25,11.259093851102483,0.03101163298895493,-1.5389987996441983,0.023345407373501326,-0.02512973023713945,0.0144740197224105,1.7610824930440556,0.24569896307326355,1.6091880376762098,0.07234054477211038,2.796851145273044,0.03525011979612769,0.6227522033515573,0.03497583628611978,diffuse_tau_kc,0.8529466885340183,1.1677063629835396,-24.46249385425431,,
M5_172669_ap3_freeindex,M5_172669,cosmos_ap3,0.05,both,0,kriek_conroy,True,,3602,232732.37853174083,0.23009164926816952,1202500,241.52962133847177,3433.094227886983,165.82630704396354,12,,-3.56,-5.68,-0.37,-1.7,-1.77,1.13,0.02,0.77,1.65,3.2,6.84,7.29,11.116045605835405,0.00898687674483778,-1.7225841165218683,0.010751716195583572,0.13442416796686785,0.015449710013782258,1.6618227552712668,0.018425679717483212,1.2434466163437357,0.01851701441238718,2.894683099104873,0.041729317885294215,0.03103163696847011,0.018735971403695886,diffuse_tau_kc,,,,0.26124954933918676,0.36547435557993846
M5_172669_cosmos_total_baseline,M5_172669,cosmos_total,0.05,both,0,kriek_conroy,False,,3602,232784.061073982,0.22077888955277433,1170000,157.04093372728676,3078.589232570676,66.73028944198076,12,,-2.47,-2.0,-2.3,-1.79,-1.46,-0.65,-0.28,0.75,2.24,2.91,3.5,4.38,11.205977311588352,0.007378947920566148,-1.722955456084453,0.011656195881046716,0.12244529817172028,0.015118611803077955,1.6797704628605583,0.04536849624736239,0.988305272635101,0.014576157126950706,2.89289125325893,0.039480508485602916,0.009675548116225547,0.004853839507141742,diffuse_tau_kc,,,,,
M5_172669_cosmos_total_poly1_dustprior,M5_172669,cosmos_total,0.05,both,1,kriek_conroy,False,"[0.27366, 0.2583]",3602,232868.667990748,0.3202330239657023,1267500,197.38229399826378,4127.093942486911,57.98221013722064,12,,-3.78,-0.78,3.31,3.99,2.97,1.81,0.84,-0.1,-0.47,-1.0,-1.38,-0.45,11.325355586690693,0.015147898048960329,-1.6501845866687672,0.026302544076163503,0.022457722366381487,0.02454584507186376,2.1764361619016555,0.19008991279567133,1.2373673232887095,0.025986879931578888,2.804981301902683,0.04051969629344865,0.45023308505060367,0.029083603513513023,diffuse_tau_kc,0.8931761713680088,1.1068238286319914,-17.207751275415472,,
M5_172669_cosmos_total_poly3,M5_172669,cosmos_total,0.05,both,3,kriek_conroy,False,,3602,232869.98291447893,0.24653047282682672,1235000,278.6036206651479,3563.4098162103764,60.75922695229125,12,,-3.38,-0.31,3.61,4.23,2.89,1.56,0.54,-0.38,-0.81,-1.43,-1.88,-0.91,11.308990976868813,0.014150723591850323,-1.5998079463794972,0.028494190392728158,-0.011505539229975777,0.028832602664433576,1.7978700496356361,0.1758664727241135,1.232778992954422,0.027808861616055225,2.8014925333843967,0.03507867963562039,0.46425097068663934,0.03138125555890203,diffuse_tau_kc,0.8853039446503309,1.1296287106313891,-19.458538054300245,,
M5_172669_photonly_ap3,M5_172669,cosmos_ap3,0.05,photometry,0,kriek_conroy,False,,3602,210.01754658468587,0.14632665848505216,689000,33.259477206505835,3070.8606815371904,35.98799682995312,12,,0.13,-1.19,2.65,0.69,-0.75,1.14,-0.57,-1.49,-2.26,-1.66,2.32,3.07,11.368183728201446,0.10244062813873356,-1.6702389330863414,0.20912370280321446,0.49088464258301745,0.09825836147620956,3.550056501700869,1.368864440833272,,,,,0.0912720201274087,0.08762027172310063,diffuse_tau_kc,,,,,
M5_172669_photonly_cosmos_total,M5_172669,cosmos_total,0.05,photometry,0,kriek_conroy,False,,3602,225.95891585347294,0.19007141499191751,604500,29.415013623423874,2842.315061599566,2.1114946633095917,12,,-0.16,0.0,0.95,-0.12,-0.02,-0.04,-0.33,-0.51,-0.08,-0.01,0.02,0.88,11.277251140373647,0.11634033315588255,-1.816182841436178,0.2889953177030131,0.3946493181821385,0.19565255017388267,2.0305281327776608,0.9265351471035154,,,,,0.273661612256726,0.2582950878706335,diffuse_tau_kc,,,,,
M5_172669_speconly,M5_172669,cosmos_ap3,0.05,spectrum,0,kriek_conroy,False,,3602,232625.11893208657,0.23517687338826057,1280500,183.58935525733978,3885.6111975988442,6757.977783879319,12,,-68.96,-41.44,-10.13,-7.73,-6.55,-3.12,-4.57,-3.76,-3.14,-1.51,3.03,3.67,11.221646727229686,0.12001725425164533,-1.5764350233501239,0.02100082273150594,-0.014654378707264765,0.020523444603840563,1.997840994341946,0.21213855098293466,1.0174597363927846,0.22476779634531352,2.8479673526573137,0.0360300915778915,0.09789735414283574,0.01194798180118288,diffuse_tau_kc,,,,,
M5_172669_total_allbands_baseline,M5_172669,cosmos_total,0.05,both,0,kriek_conroy,False,,3602,232784.061073982,0.21678083029556539,1170000,236.01649554399773,3078.589232570676,66.73028944198076,12,,-2.47,-2.0,-2.3,-1.79,-1.46,-0.65,-0.28,0.75,2.24,2.91,3.5,4.38,11.205977311588352,0.007378947920566148,-1.722955456084453,0.011656195881046716,0.12244529817172028,0.015118611803077955,1.6797704628605583,0.04536849624736239,0.988305272635101,0.014576157126950706,2.89289125325893,0.039480508485602916,0.009675548116225547,0.004853839507141742,diffuse_tau_kc,,,,,
M5_172669_total_allbands_poly3,M5_172669,cosmos_total,0.05,both,3,kriek_conroy,False,,3602,232870.07460737153,0.2458104835651401,1235000,405.05200654407963,3526.681587586923,58.424795763566586,12,,-3.46,-0.29,3.55,4.08,2.75,1.48,0.47,-0.47,-0.86,-1.44,-1.86,-0.86,11.308729896698626,0.014630347551270795,-1.601880884855598,0.0271787936466773,-0.008016690585353231,0.027980843021044952,1.7950290393464206,0.17093425994278777,1.2281303482167414,0.027674548101062735,2.8017343129209342,0.03630218959062681,0.45875169049851694,0.03046159445525673,diffuse_tau_kc,0.8867667224789835,1.1279228695299683,-19.234128285498674,,
M5_172669_total_noirac_baseline,M5_172669,cosmos_total,0.05,both,0,kriek_conroy,False,,3602,232763.96681946603,0.3292734484852486,1183000,231.99620039202273,3130.25845730599,33.609694797596745,10,ch1 ch2,-1.99,-1.28,-1.55,-1.01,-0.72,0.17,0.43,1.49,2.94,3.6,,,11.189406419782378,0.00761453778089205,-1.7193891740200613,0.012989522567858125,0.10751863923697474,0.016090311531812194,1.6943901886095514,0.047079639404104534,1.0226946424930312,0.015586770339942713,2.888390150433912,0.038531981822242045,0.00730780342856548,0.004699869766540987,diffuse_tau_kc,,,,,
M5_172669_total_noirac_nou_baseline,M5_172669,cosmos_total,0.05,both,0,kriek_conroy,False,,3602,232746.54353404694,0.23223206404631044,1228500,246.97818424599245,3853.2914778249356,41.355678836364184,9,ch1 ch2 u,,-3.42,-1.9,-0.93,-0.51,0.22,0.52,1.58,2.99,3.63,,,11.192674859357265,0.009209521951055955,-1.708305618798486,0.020095933662612864,0.08860784864596039,0.01738177688811924,1.784363643516485,0.11327708511009327,1.029860481160226,0.01786928695483736,2.875416526467242,0.04224564662054919,0.012332667837146231,0.007554733559480093,diffuse_tau_kc,,,,,
M5_172669_total_noirac_nou_poly3,M5_172669,cosmos_total,0.05,both,3,kriek_conroy,False,,3602,232824.88085310534,0.25118873845956463,1209000,402.09074560925364,3575.2854654066464,36.20947677406886,9,ch1 ch2 u,,-3.3,2.08,3.28,2.27,1.06,0.05,-0.7,-1.02,-1.56,,,11.317249263743108,0.025158321561683294,-1.5982320219032116,0.02775558691884361,-0.011754158660161617,0.025138807561500366,1.9519534757107313,0.28368988962799624,1.1883767766256679,0.0227027051449068,2.8270333911019208,0.03266215021767804,0.4369129556775627,0.02344855750893199,diffuse_tau_kc,0.8981399187248325,1.1092203363574118,-17.022113424034725,,
M5_172669_total_noirac_poly3,M5_172669,cosmos_total,0.05,both,3,kriek_conroy,False,,3602,232837.6635115557,0.3422883205358975,1209000,395.19161510886624,4336.856548929551,58.75895027096017,10,ch1 ch2,-2.98,-0.37,3.52,4.12,2.64,1.24,-0.03,-1.15,-1.88,-2.65,,,11.340655206317347,0.01594073236877236,-1.5845896098555268,0.023376278389406258,-0.01279772443469664,0.021329527881591703,1.9511203927001493,0.2609210038249953,1.221488711309124,0.024308883348369004,2.8046373722219964,0.03495674470345622,0.5118963788833353,0.03051210235037133,diffuse_tau_kc,0.8781030504761911,1.1353292797122423,-20.41553478060809,,
M5_172669_total_noirac_speconly,M5_172669,cosmos_total,0.05,spectrum,0,kriek_conroy,False,,3602,232625.11893208657,0.3348616307711091,1280500,270.1730312150903,3885.6111975983877,2767.612542872885,10,ch1 ch2,-47.39,-21.6,-6.28,-2.11,-0.81,-0.04,0.11,0.98,2.02,2.35,,,11.221646727229697,0.1200172542516329,-1.576435023350125,0.021000822731506386,-0.014654378707263752,0.020523444603841208,1.9978409943419309,0.21213855098292922,1.0174597363927727,0.22476779634531058,2.8479673526573075,0.03603009157789572,0.0978973541428362,0.011947981801182977,diffuse_tau_kc,,,,,
M5_172669_uvista_total_baseline,M5_172669,uvista_total,0.05,both,0,kriek_conroy,False,,3602,232793.02455891186,0.3249206171953812,1183000,158.50731212552637,3104.0523808713474,49.3621391900125,12,,-2.16,-2.26,-1.99,-1.25,-2.06,0.19,1.48,1.45,2.72,3.27,1.95,1.9,11.197891251853983,0.007120765623110259,-1.7191242938553581,0.012330824953361241,0.11263349324549288,0.014742201795128501,1.6884396930037888,0.044906875801275836,1.0036179182411706,0.01564591869644344,2.885846069538845,0.040208606303527406,0.008493774693517264,0.005133364826370253,diffuse_tau_kc,,,,,
M5_172669_uvista_total_poly3,M5_172669,uvista_total,0.05,both,3,kriek_conroy,False,,3602,232869.5594268224,0.24662492839404243,1202500,270.2105743093416,4048.291456616243,56.60074828769778,12,,-3.33,-1.14,3.19,3.88,1.6,1.59,1.55,-0.26,-0.74,-1.34,-2.11,-2.14,11.318855562127851,0.012739700226457984,-1.6076257565278302,0.03283705581507501,-0.011230676276410695,0.026816061770156892,1.9568814292431793,0.15362391815922272,1.2011260222854736,0.03125425429221618,2.79279908960305,0.03583055377609279,0.4383944921803602,0.034250232213007464,diffuse_tau_kc,0.8907057913025596,1.1223498234409455,-18.53640089968446,,
